"id";"word";"pronunciation";"partOfSpeech";"definition";"simpleMeaning";"example";"synonyms";"difficulty";"category";"audioUrl";"isLearned";"timesShown";"lastShownAt"
"word_1";"EPHEMERAL";"/ɪˈfemərəl/";"ADJECTIVE";"Lasting for a very short period of time.";"Something that doesn't last long.";"The excitement was ephemeral, fading quickly after the celebration.";"Brief, Temporary, Fleeting, Short-lived";"ADVANCED";"General";"https://api.dictionaryapi.dev/media/pronunciations/en/ephemeral-us.mp3";"0";"1";"1789657308262"
"word_2";"RESILIENT";"/rɪˈzɪliənt/";"ADJECTIVE";"Able to withstand or recover quickly from difficult conditions.";"Able to bounce back from failure or hardship.";"She remained resilient despite facing numerous setbacks in her career.";"Tough, Adaptable, Strong, Flexible";"INTERMEDIATE";"Mindset";"https://api.dictionaryapi.dev/media/pronunciations/en/resilient-us.mp3";"0";"0";""
"word_3";"SERENDIPITY";"/ˌserənˈdɪpəti/";"NOUN";"The occurrence of events by chance in a happy or beneficial way.";"Finding something good by pure luck.";"Meeting my business partner at a coffee shop was pure serendipity.";"Chance, Luck, Coincidence, Fortuity";"ADVANCED";"General";"https://api.dictionaryapi.dev/media/pronunciations/en/serendipity-us.mp3";"0";"0";""
"word_4";"CANDID";"/ˈkændɪd/";"ADJECTIVE";"Truthful and straightforward; frank.";"Honest and open without holding back.";"He gave a candid assessment of the project's shortcomings.";"Frank, Honest, Outspoken, Direct";"BEGINNER";"Communication";"https://api.dictionaryapi.dev/media/pronunciations/en/candid-us.mp3";"0";"0";""
"word_5";"ELOQUENT";"/ˈeləkwənt/";"ADJECTIVE";"Fluent or persuasive in speaking or writing.";"Expressing yourself clearly and beautifully.";"The speaker delivered an eloquent tribute to the community leaders.";"Articulate, Expressive, Persuasive, Fluent";"INTERMEDIATE";"Communication";"https://api.dictionaryapi.dev/media/pronunciations/en/eloquent-us.mp3";"0";"0";""
"word_6";"METICULOUS";"/məˈtɪkjələs/";"ADJECTIVE";"Showing great attention to detail; very careful and precise.";"Pay extremely close attention to details.";"The architect was meticulous in designing every corner of the building.";"Thorough, Precise, Painstaking, Detailed";"INTERMEDIATE";"Work & Study";"https://api.dictionaryapi.dev/media/pronunciations/en/meticulous-us.mp3";"0";"1";"1789704807578"
"word_7";"PRAGMATIC";"/præɡˈmætɪk/";"ADJECTIVE";"Dealing with things sensibly and realistically in a way based on practical considerations.";"Focusing on what works in real life.";"We need a pragmatic approach to solve this budget issue.";"Practical, Realistic, Sensible, Rational";"INTERMEDIATE";"Decision Making";"https://api.dictionaryapi.dev/media/pronunciations/en/pragmatic-us.mp3";"0";"0";""
"word_8";"UBIQUITOUS";"/juːˈbɪkwɪtəs/";"ADJECTIVE";"Present, appearing, or found everywhere.";"Found everywhere at all times.";"Smartphones have become ubiquitous in modern society.";"Omnipresent, Universal, Pervasive, Widespread";"ADVANCED";"Technology & Society";"https://api.dictionaryapi.dev/media/pronunciations/en/ubiquitous-us.mp3";"0";"0";""
"word_9";"EMPATHY";"/ˈempəθi/";"NOUN";"The ability to understand and share the feelings of another.";"Putting yourself in someone else's shoes.";"Showing empathy builds strong interpersonal relationships.";"Compassion, Understanding, Sensitivity, Sympathy";"BEGINNER";"Emotion";"https://api.dictionaryapi.dev/media/pronunciations/en/empathy-us.mp3";"0";"0";""
"word_10";"AMBIGUOUS";"/æmˈbɪɡjuəs/";"ADJECTIVE";"Open to more than one interpretation; not having one obvious meaning.";"Unclear or open to double meaning.";"The agreement's terms were ambiguous and led to disputes.";"Unclear, Vague, Equivocal, Obscure";"INTERMEDIATE";"General";"https://api.dictionaryapi.dev/media/pronunciations/en/ambiguous-us.mp3";"0";"0";""
"word_11";"SCRUTINIZE";"/ˈskruːtənaɪz/";"VERB";"Examine or inspect closely and thoroughly.";"To examine something very carefully.";"Auditors will scrutinize the financial records for errors.";"Inspect, Examine, Analyze, Study";"INTERMEDIATE";"Work & Study";"";"0";"0";""
"word_12";"TENACIOUS";"/təˈneɪʃəs/";"ADJECTIVE";"Tending to keep a firm hold of something; persistent.";"Refusing to give up easily.";"Her tenacious spirit helped her finish the marathon.";"Persistent, Determined, Stubborn, Relentless";"ADVANCED";"Mindset";"";"0";"0";""
"word_13";"BENEVOLENT";"/bəˈnevələnt/";"ADJECTIVE";"Well meaning and kindly; serving a charitable purpose.";"Kind, generous, and caring about others.";"A benevolent benefactor donated money for the new library.";"Kind, Generous, Charitable, Altruistic";"INTERMEDIATE";"Personality";"";"0";"0";""
"word_14";"INNOVATE";"/ˈɪnəveɪt/";"VERB";"Make changes in something established, especially by introducing new methods or ideas.";"Create or introduce new ways of doing things.";"Tech companies must innovate constantly to remain competitive.";"Invent, Create, Modernize, Pioneer";"BEGINNER";"Technology";"";"0";"0";""
"word_15";"SURREPTITIOUS";"/ˌsɜːrəpˈtɪʃəs/";"ADJECTIVE";"Kept secret, especially because it would not be approved of.";"Done in a sneaky or secretive way.";"He took a surreptitious glance at his phone during the lecture.";"Secretive, Stealthy, Furtive, Sneaky";"ADVANCED";"Behavior";"";"0";"0";""
"word_16";"LUCID";"/ˈluːsɪd/";"ADJECTIVE";"Expressed clearly; easy to understand.";"Clear and easy to understand.";"She provided a lucid explanation of complex quantum concepts.";"Clear, Understandable, Coherent, Intelligible";"INTERMEDIATE";"Communication";"";"0";"0";""
"word_17";"PARADIGM";"/ˈpærədaɪm/";"NOUN";"A typical example or pattern of something; a model.";"A standard model or way of thinking.";"The discovery caused a major paradigm shift in science.";"Model, Pattern, Archetype, Framework";"ADVANCED";"Science & Philosophy";"";"0";"0";""
"word_18";"ADVERSITY";"/ədˈvɜːrsəti/";"NOUN";"Difficulties or misfortune.";"Hardships or challenging situations.";"True character is revealed when overcoming adversity.";"Hardship, Difficulty, Misfortune, Trouble";"BEGINNER";"Life";"";"0";"1";"1789713097209"
"word_19";"EQUANIMITY";"/ˌekwəˈnɪməti/";"NOUN";"Mental calmness, composure, and evenness of temper, especially in a difficult situation.";"Staying calm and composed under stress.";"He accepted the bad news with remarkable equanimity.";"Calmness, Composure, Serenity, Tranquility";"ADVANCED";"Mindset";"";"0";"0";""
"word_20";"PROFOUND";"/prəˈfaʊnd/";"ADJECTIVE";"Very great or intense; having or showing great knowledge or insight.";"Deep, meaningful, or having great impact.";"The book had a profound influence on my perspective.";"Deep, Intense, Meaningful, Far-reaching";"INTERMEDIATE";"General";"";"0";"1";"1789641275390"
"0TlQvAJIWpd9gD5qVhe2";"Resilience";"/rɪˈzɪl.jəns/";"NOUN";"The capacity to withstand or recover quickly from difficulties.";"Ability to bounce back from tough situations.";"Her resilience helped her navigate challenges.";"Add array items: ""toughness"", ""strength""";"INTERMEDIATE";"";"";"0";"0";""
"word_22";"ADAPTIVE";"/əˈdæptɪv/";"ADJECTIVE";"Able to adjust to new conditions or circumstances.";"Able to change easily when situations change.";"An adaptive mindset helps teams handle unexpected changes.";"Flexible, Adjustable, Versatile, Responsive";"BEGINNER";"Mindset";"https://api.dictionaryapi.dev/media/pronunciations/en/adaptive-us.mp3";"0";"0";""
"word_23";"ASSERTIVE";"/əˈsɜːrtɪv/";"ADJECTIVE";"Having a confident and direct manner without being aggressive.";"Confidently expressing what you think or need.";"She was assertive when explaining her requirements.";"Confident, Firm, Self-assured, Direct";"INTERMEDIATE";"Communication";"https://api.dictionaryapi.dev/media/pronunciations/en/assertive-us.mp3";"0";"0";""
"word_24";"AUTHENTIC";"/ɔːˈθentɪk/";"ADJECTIVE";"Genuine and not copied or false.";"Real and true to who or what you are.";"Customers value brands that communicate in an authentic way.";"Genuine, Real, Sincere, Original";"BEGINNER";"Personality";"https://api.dictionaryapi.dev/media/pronunciations/en/authentic-us.mp3";"0";"0";""
"word_25";"COHERENT";"/koʊˈhɪrənt/";"ADJECTIVE";"Logical and consistent in a way that is easy to understand.";"Clear and logically connected.";"She gave a coherent explanation of the problem.";"Logical, Clear, Consistent, Connected";"INTERMEDIATE";"Communication";"https://api.dictionaryapi.dev/media/pronunciations/en/coherent-us.mp3";"0";"0";""
"word_26";"CONCISE";"/kənˈsaɪs/";"ADJECTIVE";"Giving information clearly in few words.";"Short and clear without unnecessary words.";"Please keep the report concise and focused.";"Brief, Compact, Succinct, Short";"BEGINNER";"Communication";"https://api.dictionaryapi.dev/media/pronunciations/en/concise-us.mp3";"0";"0";""
"word_27";"CONSIDERATE";"/kənˈsɪdərət/";"ADJECTIVE";"Careful not to inconvenience or hurt others.";"Thinking about other people's feelings and needs.";"It was considerate of him to check before changing the plan.";"Thoughtful, Caring, Attentive, Kind";"BEGINNER";"Personality";"https://api.dictionaryapi.dev/media/pronunciations/en/considerate-us.mp3";"0";"0";""
"word_28";"CURIOUS";"/ˈkjʊəriəs/";"ADJECTIVE";"Eager to know or learn something.";"Wanting to discover or understand more.";"Curious developers often learn new tools quickly.";"Inquisitive, Interested, Eager, Questioning";"BEGINNER";"Learning";"https://api.dictionaryapi.dev/media/pronunciations/en/curious-us.mp3";"0";"0";""
"word_29";"DILIGENT";"/ˈdɪlɪdʒənt/";"ADJECTIVE";"Showing careful and persistent effort.";"Working carefully and consistently.";"Her diligent preparation helped her complete the project on time.";"Hardworking, Careful, Industrious, Thorough";"INTERMEDIATE";"Work & Study";"https://api.dictionaryapi.dev/media/pronunciations/en/diligent-us.mp3";"0";"0";""
"word_30";"DISCREET";"/dɪˈskriːt/";"ADJECTIVE";"Careful about keeping information private or avoiding embarrassment.";"Careful and private in how you act or speak.";"He was discreet when discussing the confidential project.";"Tactful, Careful, Private, Prudent";"INTERMEDIATE";"Personality";"https://api.dictionaryapi.dev/media/pronunciations/en/discreet-us.mp3";"0";"0";""
"word_31";"VERSATILE";"/ˈvɜːrsətaɪl/";"ADJECTIVE";"Able to adapt to many different activities or uses.";"Useful in many different situations.";"Her versatile skills made her valuable to the team.";"Flexible, Adaptable, Multifaceted, Resourceful";"INTERMEDIATE";"Work & Study";"https://api.dictionaryapi.dev/media/pronunciations/en/versatile-us.mp3";"0";"0";""
"word_32";"PERSISTENT";"/pərˈsɪstənt/";"ADJECTIVE";"Continuing firmly despite difficulty or opposition.";"Continuing without giving up.";"Persistent practice gradually improved his speaking skills.";"Determined, Tenacious, Steadfast, Resolute";"BEGINNER";"Mindset";"https://api.dictionaryapi.dev/media/pronunciations/en/persistent-us.mp3";"0";"0";""
"word_33";"PROACTIVE";"/proʊˈæktɪv/";"ADJECTIVE";"Taking action before a problem or situation requires it.";"Acting early instead of waiting for problems.";"She took a proactive approach to prevent future bugs.";"Initiative-taking, Preventive, Energetic, Forward-looking";"INTERMEDIATE";"Work & Study";"https://api.dictionaryapi.dev/media/pronunciations/en/proactive-us.mp3";"0";"0";""
"word_34";"REFLECTIVE";"/rɪˈflektɪv/";"ADJECTIVE";"Thinking carefully about experiences or actions.";"Taking time to think deeply about what happened.";"A reflective review helped him identify areas for improvement.";"Thoughtful, Contemplative, Introspective, Meditative";"INTERMEDIATE";"Mindset";"https://api.dictionaryapi.dev/media/pronunciations/en/reflective-us.mp3";"0";"0";""
"word_35";"THOUGHTFUL";"/ˈθɔːtfl/";"ADJECTIVE";"Showing careful consideration for others or for a matter.";"Showing that you have carefully considered something.";"Her thoughtful feedback was helpful and specific.";"Considerate, Attentive, Caring, Deliberate";"BEGINNER";"Personality";"https://api.dictionaryapi.dev/media/pronunciations/en/thoughtful-us.mp3";"0";"0";""
"word_36";"TRANSPARENT";"/trænsˈpærənt/";"ADJECTIVE";"Open and easy to understand or see through.";"Open and honest about information or actions.";"The manager was transparent about the reasons for the change.";"Open, Clear, Honest, Straightforward";"BEGINNER";"Communication";"https://api.dictionaryapi.dev/media/pronunciations/en/transparent-us.mp3";"0";"0";""
"word_37";"ACCOUNTABLE";"/əˈkaʊntəbl/";"ADJECTIVE";"Responsible for actions, decisions, or results.";"Responsible for what you do and its results.";"Each team member is accountable for their assigned tasks.";"Responsible, Answerable, Liable, Responsible";"INTERMEDIATE";"Work & Study";"https://api.dictionaryapi.dev/media/pronunciations/en/accountable-us.mp3";"0";"0";""
"word_38";"COLLABORATIVE";"/kəˈlæbərətɪv/";"ADJECTIVE";"Produced by or involving people working together.";"Working effectively with other people.";"The team used a collaborative approach to solve the issue.";"Cooperative, Team-oriented, Joint, Participatory";"INTERMEDIATE";"Work & Study";"https://api.dictionaryapi.dev/media/pronunciations/en/collaborative-us.mp3";"0";"0";""
"word_39";"COMPASSIONATE";"/kəmˈpæʃənət/";"ADJECTIVE";"Showing concern for the suffering or difficulties of others.";"Caring about others when they are struggling.";"A compassionate response made the customer feel heard.";"Caring, Kind, Sympathetic, Humane";"INTERMEDIATE";"Emotion";"https://api.dictionaryapi.dev/media/pronunciations/en/compassionate-us.mp3";"0";"0";""
"word_40";"COMPOSED";"/kəmˈpoʊzd/";"ADJECTIVE";"Calm and in control of one's emotions.";"Calm even in a stressful situation.";"She remained composed during the difficult presentation.";"Calm, Collected, Controlled, Serene";"INTERMEDIATE";"Emotion";"https://api.dictionaryapi.dev/media/pronunciations/en/composed-us.mp3";"0";"0";""
"word_41";"CONFIDENT";"/ˈkɑːnfɪdənt/";"ADJECTIVE";"Feeling or showing certainty about one's abilities or decisions.";"Believing that you can handle something.";"He felt confident after practicing the presentation.";"Self-assured, Certain, Secure, Assured";"BEGINNER";"Mindset";"https://api.dictionaryapi.dev/media/pronunciations/en/confident-us.mp3";"0";"0";""
"word_42";"CREATIVE";"/kriˈeɪtɪv/";"ADJECTIVE";"Having the ability to produce original ideas or solutions.";"Good at creating new and useful ideas.";"The designer found a creative solution to the layout problem.";"Imaginative, Inventive, Original, Innovative";"BEGINNER";"Learning";"https://api.dictionaryapi.dev/media/pronunciations/en/creative-us.mp3";"0";"0";""
"word_43";"DECISIVE";"/dɪˈsaɪsɪv/";"ADJECTIVE";"Able to make decisions quickly and effectively.";"Able to make a clear decision without unnecessary delay.";"A decisive response kept the project moving forward.";"Determined, Resolute, Firm, Conclusive";"INTERMEDIATE";"Decision Making";"https://api.dictionaryapi.dev/media/pronunciations/en/decisive-us.mp3";"0";"0";""
"word_44";"DIPLOMATIC";"/ˌdɪpləˈmætɪk/";"ADJECTIVE";"Able to deal with people and situations sensitively and tactfully.";"Handling difficult conversations carefully.";"She gave a diplomatic answer to a sensitive question.";"Tactful, Polite, Considerate, Discreet";"INTERMEDIATE";"Communication";"https://api.dictionaryapi.dev/media/pronunciations/en/diplomatic-us.mp3";"0";"0";""
"word_45";"DISCERNING";"/dɪˈsɜːrnɪŋ/";"ADJECTIVE";"Showing good judgment about quality or differences.";"Good at noticing important differences and quality.";"A discerning reader can spot weak arguments quickly.";"Perceptive, Judicious, Insightful, Astute";"ADVANCED";"Decision Making";"https://api.dictionaryapi.dev/media/pronunciations/en/discerning-us.mp3";"0";"0";""
"word_46";"EFFICIENT";"/ɪˈfɪʃənt/";"ADJECTIVE";"Achieving results with little wasted time, effort, or resources.";"Getting good results without wasting resources.";"The new workflow is more efficient than the old one.";"Productive, Economical, Effective, Streamlined";"BEGINNER";"Work & Study";"https://api.dictionaryapi.dev/media/pronunciations/en/efficient-us.mp3";"0";"0";""
"word_47";"ELABORATE";"/ɪˈlæbərət/";"ADJECTIVE";"Containing many carefully arranged details.";"Detailed and carefully developed.";"The presentation included an elaborate explanation of the process.";"Detailed, Complex, Intricate, Extensive";"INTERMEDIATE";"General";"https://api.dictionaryapi.dev/media/pronunciations/en/elaborate-us.mp3";"0";"0";""
"word_48";"FLEXIBLE";"/ˈfleksəbl/";"ADJECTIVE";"Able to change or adapt easily.";"Able to adjust when circumstances change.";"A flexible schedule made it easier to handle urgent tasks.";"Adaptable, Adjustable, Versatile, Open-minded";"BEGINNER";"Mindset";"https://api.dictionaryapi.dev/media/pronunciations/en/flexible-us.mp3";"0";"0";""
"word_49";"GENUINE";"/ˈdʒenjuɪn/";"ADJECTIVE";"Truly what something is said to be; sincere.";"Real and sincere.";"Her genuine interest made the conversation enjoyable.";"Authentic, Sincere, Real, Honest";"BEGINNER";"Personality";"https://api.dictionaryapi.dev/media/pronunciations/en/genuine-us.mp3";"0";"0";""
"word_50";"HUMBLE";"/ˈhʌmbl/";"ADJECTIVE";"Having a modest view of one's importance or abilities.";"Not thinking you are better than others.";"Despite his success, he remained humble.";"Modest, Unassuming, Meek, Grounded";"BEGINNER";"Personality";"https://api.dictionaryapi.dev/media/pronunciations/en/humble-us.mp3";"0";"0";""
"word_51";"INSIGHTFUL";"/ˈɪnsaɪtfl/";"ADJECTIVE";"Showing a deep understanding of a person or situation.";"Showing a deep and useful understanding.";"Her insightful comments revealed the main cause of the issue.";"Perceptive, Wise, Observant, Astute";"INTERMEDIATE";"Learning";"https://api.dictionaryapi.dev/media/pronunciations/en/insightful-us.mp3";"0";"0";""
"word_52";"INTUITIVE";"/ɪnˈtuːɪtɪv/";"ADJECTIVE";"Easy to understand or use without much instruction.";"Easy to understand without needing many instructions.";"The app has an intuitive interface.";"Natural, Instinctive, User-friendly, Immediate";"INTERMEDIATE";"Technology";"https://api.dictionaryapi.dev/media/pronunciations/en/intuitive-us.mp3";"0";"0";""
"word_53";"JUDICIOUS";"/dʒuːˈdɪʃəs/";"ADJECTIVE";"Showing good judgment and sensible decision-making.";"Making careful and sensible choices.";"A judicious use of resources kept costs under control.";"Wise, Sensible, Prudent, Discerning";"ADVANCED";"Decision Making";"https://api.dictionaryapi.dev/media/pronunciations/en/judicious-us.mp3";"0";"0";""
"word_54";"MOTIVATED";"/ˈmoʊtɪveɪtɪd/";"ADJECTIVE";"Having a strong reason or desire to achieve something.";"Having the drive to achieve a goal.";"She stayed motivated by tracking her progress.";"Driven, Inspired, Determined, Ambitious";"BEGINNER";"Mindset";"https://api.dictionaryapi.dev/media/pronunciations/en/motivated-us.mp3";"0";"0";""
"word_55";"OBSERVANT";"/əbˈzɜːrvənt/";"ADJECTIVE";"Quick to notice details or changes.";"Good at noticing things around you.";"An observant tester noticed a small issue in the interface.";"Attentive, Alert, Perceptive, Watchful";"BEGINNER";"Learning";"https://api.dictionaryapi.dev/media/pronunciations/en/observant-us.mp3";"0";"0";""
"word_56";"OPEN-MINDED";"/ˌoʊpənˈmaɪndɪd/";"ADJECTIVE";"Willing to consider new ideas or opinions.";"Willing to listen to ideas different from your own.";"Being open-minded helped the team consider several solutions.";"Receptive, Tolerant, Flexible, Broad-minded";"INTERMEDIATE";"Mindset";"https://api.dictionaryapi.dev/media/pronunciations/en/open-minded-us.mp3";"0";"0";""
"word_57";"OPTIMISTIC";"/ˌɑːptɪˈmɪstɪk/";"ADJECTIVE";"Hopeful and confident about a positive outcome.";"Expecting good things to happen.";"She remained optimistic about the project's progress.";"Hopeful, Positive, Upbeat, Confident";"BEGINNER";"Emotion";"https://api.dictionaryapi.dev/media/pronunciations/en/optimistic-us.mp3";"0";"0";""
"word_58";"PRACTICAL";"/ˈpræktɪkl/";"ADJECTIVE";"Concerned with real situations and useful results.";"Focused on what works in real life.";"We need a practical solution that the team can implement today.";"Realistic, Useful, Sensible, Functional";"BEGINNER";"Decision Making";"https://api.dictionaryapi.dev/media/pronunciations/en/practical-us.mp3";"0";"0";""
"word_59";"PRECISE";"/prɪˈsaɪs/";"ADJECTIVE";"Marked by exactness and accuracy.";"Exact and accurate.";"Please provide precise measurements before starting the task.";"Exact, Accurate, Specific, Correct";"BEGINNER";"Work & Study";"https://api.dictionaryapi.dev/media/pronunciations/en/precise-us.mp3";"0";"0";""
"word_60";"RESOURCEFUL";"/rɪˈsɔːrsfl/";"ADJECTIVE";"Able to find quick and clever ways to solve difficulties.";"Good at finding ways to solve problems with what is available.";"The resourceful developer found a workaround without extra tools.";"Inventive, Capable, Clever, Adaptable";"INTERMEDIATE";"Problem Solving";"https://api.dictionaryapi.dev/media/pronunciations/en/resourceful-us.mp3";"0";"0";""
"word_61";"SINCERE";"/sɪnˈsɪr/";"ADJECTIVE";"Free from pretense or deceit; genuine.";"Honest and genuine in what you say or feel.";"He gave a sincere apology for the mistake.";"Genuine, Honest, Earnest, Heartfelt";"BEGINNER";"Communication";"https://api.dictionaryapi.dev/media/pronunciations/en/sincere-us.mp3";"0";"0";""
"word_62";"STRATEGIC";"/strəˈtiːdʒɪk/";"ADJECTIVE";"Relating to a plan designed to achieve a long-term goal.";"Planned carefully to reach an important goal.";"The company made a strategic investment in automation.";"Planned, Deliberate, Tactical, Calculated";"INTERMEDIATE";"Decision Making";"https://api.dictionaryapi.dev/media/pronunciations/en/strategic-us.mp3";"0";"0";""
"word_63";"SYSTEMATIC";"/ˌsɪstəˈmætɪk/";"ADJECTIVE";"Done according to a fixed plan or organized method.";"Done in an organized step-by-step way.";"A systematic review helped identify every remaining issue.";"Organized, Methodical, Structured, Orderly";"INTERMEDIATE";"Work & Study";"https://api.dictionaryapi.dev/media/pronunciations/en/systematic-us.mp3";"0";"0";""
"word_64";"TOLERANT";"/ˈtɑːlərənt/";"ADJECTIVE";"Willing to accept differences or behavior you may not agree with.";"Accepting differences without reacting negatively.";"A tolerant workplace allows people to express different viewpoints.";"Accepting, Patient, Broad-minded, Understanding";"INTERMEDIATE";"Personality";"https://api.dictionaryapi.dev/media/pronunciations/en/tolerant-us.mp3";"0";"0";""
"word_65";"VIGILANT";"/ˈvɪdʒɪlənt/";"ADJECTIVE";"Keeping careful watch for possible danger or problems.";"Paying close attention to possible problems.";"The security team remained vigilant throughout the event.";"Alert, Watchful, Attentive, Wary";"ADVANCED";"General";"https://api.dictionaryapi.dev/media/pronunciations/en/vigilant-us.mp3";"0";"0";""
"word_66";"WITTY";"/ˈwɪti/";"ADJECTIVE";"Showing clever and amusing use of words or ideas.";"Clever and funny in a quick way.";"Her witty comment made everyone laugh.";"Clever, Humorous, Amusing, Quick";"INTERMEDIATE";"Communication";"https://api.dictionaryapi.dev/media/pronunciations/en/witty-us.mp3";"0";"0";""
"word_67";"ABUNDANT";"/əˈbʌndənt/";"ADJECTIVE";"Existing or available in large quantities.";"More than enough; plentiful.";"The region has abundant sunlight throughout the year.";"Plentiful, Ample, Copious, Generous";"INTERMEDIATE";"General";"https://api.dictionaryapi.dev/media/pronunciations/en/abundant-us.mp3";"0";"0";""
"word_68";"ACCELERATE";"/əkˈseləreɪt/";"VERB";"Begin to move or happen faster.";"Make something happen faster.";"Automation can accelerate repetitive tasks.";"Speed up, Hasten, Expedite, Quickens";"BEGINNER";"Work & Study";"https://api.dictionaryapi.dev/media/pronunciations/en/accelerate-us.mp3";"0";"0";""
"word_69";"ACCOMPLISH";"/əˈkɑːmplɪʃ/";"VERB";"Successfully complete or achieve something.";"Successfully finish or achieve something.";"She worked hard to accomplish her monthly goals.";"Achieve, Complete, Attain, Fulfill";"BEGINNER";"Work & Study";"https://api.dictionaryapi.dev/media/pronunciations/en/accomplish-us.mp3";"0";"0";""
"word_70";"ACKNOWLEDGE";"/əkˈnɑːlɪdʒ/";"VERB";"Accept or recognize the existence or truth of something.";"Accept or recognize something as true or important.";"He acknowledged the team's effort during the meeting.";"Recognize, Admit, Accept, Appreciate";"INTERMEDIATE";"Communication";"https://api.dictionaryapi.dev/media/pronunciations/en/acknowledge-us.mp3";"0";"0";""
"word_71";"ANTICIPATE";"/ænˈtɪsɪpeɪt/";"VERB";"Expect or predict that something will happen.";"Expect something before it happens.";"We anticipate higher demand during the festival.";"Expect, Predict, Foresee, Await";"INTERMEDIATE";"Decision Making";"https://api.dictionaryapi.dev/media/pronunciations/en/anticipate-us.mp3";"0";"0";""
"word_72";"APPRECIATE";"/əˈpriːʃieɪt/";"VERB";"Recognize the value or importance of something.";"Understand and value something.";"I appreciate the time you spent helping me.";"Value, Recognize, Respect, Admire";"BEGINNER";"Emotion";"https://api.dictionaryapi.dev/media/pronunciations/en/appreciate-us.mp3";"0";"0";""
"word_73";"ARTICULATE";"/ɑːrˈtɪkjəleɪt/";"VERB";"Express an idea clearly and effectively.";"Explain an idea clearly in words.";"She articulated the problem in a simple way.";"Express, Explain, Communicate, State";"INTERMEDIATE";"Communication";"https://api.dictionaryapi.dev/media/pronunciations/en/articulate-us.mp3";"0";"0";""
"word_74";"ASSESS";"/əˈses/";"VERB";"Evaluate or estimate the nature, quality, or importance of something.";"Carefully judge or evaluate something.";"The team will assess the results before making changes.";"Evaluate, Examine, Judge, Review";"BEGINNER";"Decision Making";"https://api.dictionaryapi.dev/media/pronunciations/en/assess-us.mp3";"0";"0";""
"word_75";"BOOST";"/buːst/";"VERB";"Increase or improve something.";"Make something better or stronger.";"Regular practice can boost your confidence.";"Increase, Improve, Raise, Strengthen";"BEGINNER";"General";"https://api.dictionaryapi.dev/media/pronunciations/en/boost-us.mp3";"0";"0";""
"word_76";"CLARIFY";"/ˈklærəfaɪ/";"VERB";"Make something clearer or easier to understand.";"Make an unclear idea easier to understand.";"Could you clarify what you mean by the requirement?";"Explain, Simplify, Elucidate, Resolve";"BEGINNER";"Communication";"https://api.dictionaryapi.dev/media/pronunciations/en/clarify-us.mp3";"0";"0";""
"word_77";"COMPREHEND";"/ˌkɑːmprɪˈhend/";"VERB";"Understand something fully.";"Understand something clearly and completely.";"It took time to comprehend the complex instructions.";"Understand, Grasp, Perceive, Appreciate";"INTERMEDIATE";"Learning";"https://api.dictionaryapi.dev/media/pronunciations/en/comprehend-us.mp3";"0";"0";""
"word_78";"CONSOLIDATE";"/kənˈsɑːlɪdeɪt/";"VERB";"Combine separate things into a stronger or more effective whole.";"Combine things so they become more organized or stable.";"The team consolidated several reports into one document.";"Combine, Merge, Strengthen, Unify";"ADVANCED";"Work & Study";"https://api.dictionaryapi.dev/media/pronunciations/en/consolidate-us.mp3";"0";"0";""
"word_79";"CONTEMPLATE";"/ˈkɑːntəmpleɪt/";"VERB";"Think deeply and carefully about something.";"Think about something deeply before deciding.";"She took time to contemplate the possible consequences.";"Consider, Reflect, Ponder, Deliberate";"ADVANCED";"Mindset";"https://api.dictionaryapi.dev/media/pronunciations/en/contemplate-us.mp3";"0";"0";""
"word_80";"CONTRIBUTE";"/kənˈtrɪbjuːt/";"VERB";"Give or add something to help achieve a result.";"Add something useful to a group or project.";"Everyone contributed ideas during the discussion.";"Add, Participate, Assist, Provide";"BEGINNER";"Work & Study";"https://api.dictionaryapi.dev/media/pronunciations/en/contribute-us.mp3";"0";"0";""
"word_81";"CONVINCE";"/kənˈvɪns/";"VERB";"Persuade someone that something is true or worthwhile.";"Make someone believe or agree with something.";"The evidence convinced the team to change the plan.";"Persuade, Satisfy, Assure, Influence";"BEGINNER";"Communication";"https://api.dictionaryapi.dev/media/pronunciations/en/convince-us.mp3";"0";"0";""
"word_82";"CULTIVATE";"/ˈkʌltɪveɪt/";"VERB";"Develop or improve something through care and effort.";"Develop something gradually through regular effort.";"Reading daily helps cultivate a strong vocabulary.";"Develop, Nurture, Foster, Grow";"ADVANCED";"Learning";"https://api.dictionaryapi.dev/media/pronunciations/en/cultivate-us.mp3";"0";"0";""
"word_83";"DEDUCE";"/dɪˈduːs/";"VERB";"Reach a conclusion from available facts or information.";"Figure something out from the facts.";"From the logs, the developer deduced the source of the bug.";"Infer, Conclude, Derive, Reason";"ADVANCED";"Problem Solving";"https://api.dictionaryapi.dev/media/pronunciations/en/deduce-us.mp3";"0";"0";""
"word_84";"DEMONSTRATE";"/ˈdemənstreɪt/";"VERB";"Clearly show something by evidence or action.";"Show clearly how something works or is true.";"The test demonstrated that the new approach was faster.";"Show, Prove, Illustrate, Exhibit";"BEGINNER";"Communication";"https://api.dictionaryapi.dev/media/pronunciations/en/demonstrate-us.mp3";"0";"0";""
"word_85";"DEPLOY";"/dɪˈplɔɪ/";"VERB";"Put something into effective use or operation.";"Release or put something into use.";"The team will deploy the update after testing.";"Release, Launch, Implement, Install";"INTERMEDIATE";"Technology";"https://api.dictionaryapi.dev/media/pronunciations/en/deploy-us.mp3";"0";"0";""
"word_86";"DETERMINE";"/dɪˈtɜːrmɪn/";"VERB";"Cause something to occur or establish something precisely.";"Find out or decide something with certainty.";"The test will determine whether the fix works.";"Establish, Decide, Identify, Ascertain";"BEGINNER";"Decision Making";"https://api.dictionaryapi.dev/media/pronunciations/en/determine-us.mp3";"0";"0";""
"word_87";"DEVOTE";"/dɪˈvoʊt/";"VERB";"Give time, effort, or attention to something.";"Give a lot of time or effort to something.";"She devoted several hours to improving her presentation.";"Dedicate, Commit, Give, Apply";"BEGINNER";"Mindset";"https://api.dictionaryapi.dev/media/pronunciations/en/devote-us.mp3";"0";"0";""
"word_88";"DISTINGUISH";"/dɪˈstɪŋɡwɪʃ/";"VERB";"Recognize or point out a difference between things.";"Notice how two things are different.";"It is important to distinguish facts from assumptions.";"Differentiate, Separate, Identify, Discern";"INTERMEDIATE";"Learning";"https://api.dictionaryapi.dev/media/pronunciations/en/distinguish-us.mp3";"0";"0";""
"word_89";"ENHANCE";"/ɪnˈhæns/";"VERB";"Improve the quality, value, or effectiveness of something.";"Make something better.";"The update enhances the app's usability.";"Improve, Enrich, Strengthen, Upgrade";"BEGINNER";"Technology";"https://api.dictionaryapi.dev/media/pronunciations/en/enhance-us.mp3";"0";"0";""
"word_90";"ENSURE";"/ɪnˈʃʊr/";"VERB";"Make certain that something happens or is true.";"Make sure something happens correctly.";"Tests help ensure that the feature works as expected.";"Guarantee, Assure, Secure, Confirm";"BEGINNER";"Work & Study";"https://api.dictionaryapi.dev/media/pronunciations/en/ensure-us.mp3";"0";"0";""
"word_91";"EVALUATE";"/ɪˈvæljueɪt/";"VERB";"Judge the quality, importance, or effectiveness of something.";"Carefully judge how good or useful something is.";"We need to evaluate the results before choosing an approach.";"Assess, Analyze, Review, Judge";"BEGINNER";"Decision Making";"https://api.dictionaryapi.dev/media/pronunciations/en/evaluate-us.mp3";"0";"0";""
"word_92";"FACILITATE";"/fəˈsɪlɪteɪt/";"VERB";"Make an action or process easier.";"Make something easier to do.";"The checklist facilitates a smooth release process.";"Enable, Assist, Ease, Simplify";"ADVANCED";"Work & Study";"https://api.dictionaryapi.dev/media/pronunciations/en/facilitate-us.mp3";"0";"0";""
"word_93";"FORESEE";"/fɔːrˈsiː/";"VERB";"Be aware of something before it happens.";"Predict or expect something in advance.";"We did not foresee the extra demand after launch.";"Predict, Anticipate, Expect, Envision";"INTERMEDIATE";"Decision Making";"https://api.dictionaryapi.dev/media/pronunciations/en/foresee-us.mp3";"0";"0";""
"word_94";"FOSTER";"/ˈfɔːstər/";"VERB";"Encourage the development or growth of something.";"Help something develop and grow.";"Good leaders foster a culture of learning.";"Encourage, Promote, Nurture, Cultivate";"INTERMEDIATE";"Work & Study";"https://api.dictionaryapi.dev/media/pronunciations/en/foster-us.mp3";"0";"0";""
"word_95";"GRASP";"/ɡræsp/";"VERB";"Understand something fully.";"Understand an idea clearly.";"Once I grasped the concept, the rest became easier.";"Understand, Comprehend, Seize, Perceive";"BEGINNER";"Learning";"https://api.dictionaryapi.dev/media/pronunciations/en/grasp-us.mp3";"0";"0";""
"word_96";"HIGHLIGHT";"/ˈhaɪlaɪt/";"VERB";"Give particular importance or attention to something.";"Point out what is most important.";"The report highlights three major issues.";"Emphasize, Stress, Feature, Spotlight";"BEGINNER";"Communication";"https://api.dictionaryapi.dev/media/pronunciations/en/highlight-us.mp3";"0";"0";""
"word_97";"IMPLEMENT";"/ˈɪmplɪment/";"VERB";"Put a plan or decision into effect.";"Put an idea or plan into action.";"The team implemented the new validation rules.";"Execute, Apply, Enforce, Introduce";"INTERMEDIATE";"Technology";"https://api.dictionaryapi.dev/media/pronunciations/en/implement-us.mp3";"0";"0";""
"word_98";"IMPROVISE";"/ˈɪmprəvaɪz/";"VERB";"Create or perform something without preparation.";"Find a solution without having planned it.";"When the equipment failed, the team had to improvise.";"Adapt, Invent, Devise, Create";"INTERMEDIATE";"Problem Solving";"https://api.dictionaryapi.dev/media/pronunciations/en/improvise-us.mp3";"0";"0";""
"word_99";"INFER";"/ɪnˈfɜːr/";"VERB";"Reach a conclusion from evidence and reasoning.";"Work out an answer from available clues.";"We can infer the cause from the error pattern.";"Deduce, Conclude, Derive, Reason";"INTERMEDIATE";"Learning";"https://api.dictionaryapi.dev/media/pronunciations/en/infer-us.mp3";"0";"0";""
"word_100";"INITIATE";"/ɪˈnɪʃieɪt/";"VERB";"Cause a process or action to begin.";"Start something.";"The manager initiated a review of the process.";"Begin, Start, Launch, Commence";"INTERMEDIATE";"Work & Study";"https://api.dictionaryapi.dev/media/pronunciations/en/initiate-us.mp3";"0";"0";""
"word_101";"INTEGRATE";"/ˈɪntɪɡreɪt/";"VERB";"Combine parts into a whole.";"Combine different parts so they work together.";"The app integrates several services through one API.";"Combine, Merge, Unite, Incorporate";"INTERMEDIATE";"Technology";"https://api.dictionaryapi.dev/media/pronunciations/en/integrate-us.mp3";"0";"0";""
"word_102";"INTERPRET";"/ɪnˈtɜːrprət/";"VERB";"Explain or understand the meaning of something.";"Work out what something means.";"It is important to interpret the data carefully.";"Explain, Understand, Decode, Analyze";"INTERMEDIATE";"Learning";"https://api.dictionaryapi.dev/media/pronunciations/en/interpret-us.mp3";"0";"0";""
"word_103";"JUSTIFY";"/ˈdʒʌstɪfaɪ/";"VERB";"Show that something is reasonable or necessary.";"Give good reasons for a decision or action.";"She justified the change with clear evidence.";"Defend, Support, Explain, Validate";"INTERMEDIATE";"Communication";"https://api.dictionaryapi.dev/media/pronunciations/en/justify-us.mp3";"0";"0";""
"word_104";"MAINTAIN";"/meɪnˈteɪn/";"VERB";"Keep something in a particular condition or state.";"Keep something working or staying the same.";"Regular updates help maintain app stability.";"Preserve, Sustain, Keep, Support";"BEGINNER";"Work & Study";"https://api.dictionaryapi.dev/media/pronunciations/en/maintain-us.mp3";"0";"0";""
"word_105";"MITIGATE";"/ˈmɪtɪɡeɪt/";"VERB";"Make something less severe, harmful, or difficult.";"Reduce the harmful effect of something.";"Backups help mitigate the risk of data loss.";"Reduce, Lessen, Alleviate, Minimize";"ADVANCED";"Problem Solving";"https://api.dictionaryapi.dev/media/pronunciations/en/mitigate-us.mp3";"0";"0";""
"word_106";"MONITOR";"/ˈmɑːnɪtər/";"VERB";"Observe and check something over a period of time.";"Watch something regularly to see what changes.";"We monitor the server after every release.";"Observe, Track, Watch, Supervise";"BEGINNER";"Technology";"https://api.dictionaryapi.dev/media/pronunciations/en/monitor-us.mp3";"0";"0";""
"word_107";"NAVIGATE";"/ˈnævɪɡeɪt/";"VERB";"Find and follow a route or deal successfully with a difficult situation.";"Find your way through a place or situation.";"She learned to navigate the new dashboard quickly.";"Guide, Steer, Traverse, Manage";"BEGINNER";"General";"https://api.dictionaryapi.dev/media/pronunciations/en/navigate-us.mp3";"0";"0";""
"word_108";"OPTIMIZE";"/ˈɑːptəmaɪz/";"VERB";"Make something as effective or useful as possible.";"Improve something so it works as well as possible.";"The developer optimized the query to reduce loading time.";"Improve, Refine, Maximize, Streamline";"INTERMEDIATE";"Technology";"https://api.dictionaryapi.dev/media/pronunciations/en/optimize-us.mp3";"0";"0";""
"word_109";"PERSUADE";"/pərˈsweɪd/";"VERB";"Cause someone to do or believe something through reasoning or argument.";"Convince someone to agree or act.";"She persuaded the team to test the idea first.";"Convince, Influence, Urge, Sway";"BEGINNER";"Communication";"https://api.dictionaryapi.dev/media/pronunciations/en/persuade-us.mp3";"0";"0";""
"word_110";"PRIORITIZE";"/praɪˈɔːrətaɪz/";"VERB";"Decide which things are most important and deal with them first.";"Handle the most important things first.";"We should prioritize critical bugs before adding new features.";"Rank, Organize, Order, Emphasize";"BEGINNER";"Work & Study";"https://api.dictionaryapi.dev/media/pronunciations/en/prioritize-us.mp3";"0";"0";""
"word_111";"PROCEED";"/prəˈsiːd/";"VERB";"Begin or continue a course of action.";"Continue or move forward.";"Once the checks pass, we can proceed with the release.";"Continue, Advance, Progress, Move";"BEGINNER";"General";"https://api.dictionaryapi.dev/media/pronunciations/en/proceed-us.mp3";"0";"0";""
"word_112";"RECONCILE";"/ˈrekənsaɪl/";"VERB";"Make two or more ideas, facts, or accounts consistent with each other.";"Make different things agree or match.";"The accountant reconciled the two sets of records.";"Resolve, Harmonize, Align, Settle";"ADVANCED";"Work & Study";"https://api.dictionaryapi.dev/media/pronunciations/en/reconcile-us.mp3";"0";"0";""
"word_113";"REFINE";"/rɪˈfaɪn/";"VERB";"Improve something by making small changes.";"Make something better through careful changes.";"We refined the design after user feedback.";"Improve, Polish, Perfect, Modify";"BEGINNER";"Work & Study";"https://api.dictionaryapi.dev/media/pronunciations/en/refine-us.mp3";"0";"0";""
"word_114";"REINFORCE";"/ˌriːɪnˈfɔːrs/";"VERB";"Strengthen or support something.";"Make something stronger or more effective.";"Regular revision reinforces what you have learned.";"Strengthen, Support, Bolster, Fortify";"INTERMEDIATE";"Learning";"https://api.dictionaryapi.dev/media/pronunciations/en/reinforce-us.mp3";"0";"0";""
"word_115";"RESOLVE";"/rɪˈzɑːlv/";"VERB";"Settle or solve a problem or difficulty.";"Find a solution to a problem.";"The team resolved the issue before the release.";"Solve, Settle, Fix, Address";"BEGINNER";"Problem Solving";"https://api.dictionaryapi.dev/media/pronunciations/en/resolve-us.mp3";"0";"0";""
"word_116";"RETAIN";"/rɪˈteɪn/";"VERB";"Continue to have or keep something.";"Keep something instead of losing it.";"Spaced repetition helps retain new vocabulary.";"Keep, Preserve, Maintain, Hold";"INTERMEDIATE";"Learning";"https://api.dictionaryapi.dev/media/pronunciations/en/retain-us.mp3";"0";"0";""
"word_117";"REVIEW";"/rɪˈvjuː/";"VERB";"Examine or assess something again.";"Look at something carefully again.";"Please review the code before merging it.";"Examine, Assess, Inspect, Reconsider";"BEGINNER";"Work & Study";"https://api.dictionaryapi.dev/media/pronunciations/en/review-us.mp3";"0";"0";""
"word_118";"SIMPLIFY";"/ˈsɪmplɪfaɪ/";"VERB";"Make something easier to understand or do.";"Make something less complicated.";"The redesign simplified the checkout process.";"Clarify, Streamline, Reduce, Explain";"BEGINNER";"Problem Solving";"https://api.dictionaryapi.dev/media/pronunciations/en/simplify-us.mp3";"0";"0";""
"word_119";"SPECULATE";"/ˈspekjəleɪt/";"VERB";"Form a theory or opinion without firm evidence.";"Guess about something without knowing for sure.";"It is too early to speculate about the cause.";"Guess, Suppose, Theorize, Conjecture";"ADVANCED";"Decision Making";"https://api.dictionaryapi.dev/media/pronunciations/en/speculate-us.mp3";"0";"0";""
"word_120";"SUSTAIN";"/səˈsteɪn/";"VERB";"Continue something over a period of time.";"Keep something going for a long time.";"Small daily habits are easier to sustain.";"Maintain, Continue, Support, Preserve";"INTERMEDIATE";"Mindset";"https://api.dictionaryapi.dev/media/pronunciations/en/sustain-us.mp3";"0";"0";""
"word_121";"TRANSFORM";"/trænsˈfɔːrm/";"VERB";"Make a marked change in form, appearance, or character.";"Change something greatly.";"Digital tools transformed the way the team works.";"Change, Convert, Reshape, Revolutionize";"BEGINNER";"General";"https://api.dictionaryapi.dev/media/pronunciations/en/transform-us.mp3";"0";"0";""
"word_122";"VALIDATE";"/ˈvælɪdeɪt/";"VERB";"Check or prove that something is valid or accurate.";"Check that something is correct or works properly.";"We validate the input before sending the request.";"Verify, Confirm, Check, Authenticate";"INTERMEDIATE";"Technology";"https://api.dictionaryapi.dev/media/pronunciations/en/validate-us.mp3";"0";"0";""
"word_123";"WITHSTAND";"/wɪðˈstænd/";"VERB";"Remain undamaged or unaffected by something difficult.";"Stay strong despite pressure or damage.";"The system must withstand heavy traffic.";"Endure, Resist, Tolerate, Survive";"INTERMEDIATE";"Mindset";"https://api.dictionaryapi.dev/media/pronunciations/en/withstand-us.mp3";"0";"0";""
"word_124";"ABSTRACT";"/ˈæbstrækt/";"ADJECTIVE";"Existing as an idea rather than a physical object.";"Based on ideas rather than something physical.";"Justice is an abstract concept.";"Conceptual, Theoretical, Intangible, Ideational";"ADVANCED";"Learning";"https://api.dictionaryapi.dev/media/pronunciations/en/abstract-us.mp3";"0";"0";""
"word_125";"ADEQUATE";"/ˈædɪkwət/";"ADJECTIVE";"Satisfactory or sufficient for a particular purpose.";"Good enough for what is needed.";"The existing hardware is adequate for the task.";"Sufficient, Enough, Acceptable, Suitable";"BEGINNER";"General";"https://api.dictionaryapi.dev/media/pronunciations/en/adequate-us.mp3";"0";"0";""
"word_126";"ADVERSE";"/ˈædvɜːrs/";"ADJECTIVE";"Preventing success or producing a harmful result.";"Unfavorable or harmful.";"The project faced delays because of adverse conditions.";"Unfavorable, Harmful, Negative, Unhelpful";"ADVANCED";"General";"https://api.dictionaryapi.dev/media/pronunciations/en/adverse-us.mp3";"0";"0";""
"word_127";"AMBIVALENT";"/æmˈbɪvələnt/";"ADJECTIVE";"Having mixed or contradictory feelings about something.";"Having both positive and negative feelings.";"He felt ambivalent about changing his current routine.";"Uncertain, Conflicted, Mixed, Undecided";"ADVANCED";"Emotion";"https://api.dictionaryapi.dev/media/pronunciations/en/ambivalent-us.mp3";"0";"0";""
"word_128";"BENIGN";"/bɪˈnaɪn/";"ADJECTIVE";"Gentle and harmless in effect.";"Harmless and not dangerous.";"The warning was caused by a benign software issue.";"Harmless, Gentle, Mild, Safe";"ADVANCED";"General";"https://api.dictionaryapi.dev/media/pronunciations/en/benign-us.mp3";"0";"0";""
"word_129";"COMPELLING";"/kəmˈpelɪŋ/";"ADJECTIVE";"Evoking interest, attention, or admiration in a powerful way.";"Very convincing or interesting.";"The data provided a compelling reason to investigate further.";"Convincing, Persuasive, Powerful, Engaging";"INTERMEDIATE";"Communication";"https://api.dictionaryapi.dev/media/pronunciations/en/compelling-us.mp3";"0";"0";""
"word_130";"CONVENTIONAL";"/kənˈvenʃənəl/";"ADJECTIVE";"Based on what is generally accepted or usual.";"Traditional or commonly used.";"They chose a conventional approach for the first version.";"Traditional, Standard, Typical, Usual";"INTERMEDIATE";"General";"https://api.dictionaryapi.dev/media/pronunciations/en/conventional-us.mp3";"0";"0";""
"word_131";"CREDIBLE";"/ˈkredəbl/";"ADJECTIVE";"Able to be believed or trusted.";"Believable and trustworthy.";"The report used several credible sources.";"Believable, Trustworthy, Reliable, Convincing";"BEGINNER";"Communication";"https://api.dictionaryapi.dev/media/pronunciations/en/credible-us.mp3";"0";"0";""
"word_132";"DELIBERATE";"/dɪˈlɪbərət/";"ADJECTIVE";"Done consciously and intentionally.";"Done on purpose after careful thought.";"The change was a deliberate attempt to reduce errors.";"Intentional, Planned, Purposeful, Calculated";"INTERMEDIATE";"Decision Making";"https://api.dictionaryapi.dev/media/pronunciations/en/deliberate-us.mp3";"0";"0";""
"word_133";"DYNAMIC";"/daɪˈnæmɪk/";"ADJECTIVE";"Characterized by constant change, activity, or progress.";"Active and changing often.";"The startup operates in a dynamic market.";"Active, Changing, Energetic, Evolving";"INTERMEDIATE";"General";"https://api.dictionaryapi.dev/media/pronunciations/en/dynamic-us.mp3";"0";"0";""
"word_134";"EVIDENT";"/ˈevɪdənt/";"ADJECTIVE";"Clearly seen or understood; obvious.";"Easy to see or understand.";"It became evident that the feature needed more testing.";"Obvious, Clear, Apparent, Noticeable";"INTERMEDIATE";"General";"https://api.dictionaryapi.dev/media/pronunciations/en/evident-us.mp3";"0";"0";""
"word_135";"FEASIBLE";"/ˈfiːzəbl/";"ADJECTIVE";"Possible and practical to do successfully.";"Possible and realistic to achieve.";"The team discussed whether the proposed feature was feasible.";"Possible, Practical, Achievable, Viable";"INTERMEDIATE";"Decision Making";"https://api.dictionaryapi.dev/media/pronunciations/en/feasible-us.mp3";"0";"0";""
"word_136";"FUNDAMENTAL";"/ˌfʌndəˈmentl/";"ADJECTIVE";"Forming a necessary base or core.";"Basic and extremely important.";"Understanding variables is fundamental to programming.";"Basic, Essential, Core, Foundational";"BEGINNER";"Learning";"https://api.dictionaryapi.dev/media/pronunciations/en/fundamental-us.mp3";"0";"0";""
"word_137";"IMPARTIAL";"/ɪmˈpɑːrʃəl/";"ADJECTIVE";"Treating all sides fairly without favoring one.";"Fair and not taking sides.";"An impartial review considered evidence from both teams.";"Neutral, Fair, Unbiased, Objective";"ADVANCED";"Decision Making";"https://api.dictionaryapi.dev/media/pronunciations/en/impartial-us.mp3";"0";"0";""
"word_138";"INTRICATE";"/ˈɪntrɪkət/";"ADJECTIVE";"Very complicated or detailed.";"Having many connected and complicated parts.";"The application has an intricate permission system.";"Complex, Detailed, Complicated, Elaborate";"INTERMEDIATE";"Technology";"https://api.dictionaryapi.dev/media/pronunciations/en/intricate-us.mp3";"0";"0";""
"word_139";"LEGIBLE";"/ˈledʒəbl/";"ADJECTIVE";"Clear enough to read easily.";"Easy to read.";"The designer increased the font size to keep the text legible.";"Readable, Clear, Distinct, Plain";"BEGINNER";"Communication";"https://api.dictionaryapi.dev/media/pronunciations/en/legible-us.mp3";"0";"0";""
"word_140";"LUCRATIVE";"/ˈluːkrətɪv/";"ADJECTIVE";"Producing a large amount of money or profit.";"Making a lot of money.";"The company entered a lucrative new market.";"Profitable, Rewarding, Gainful, Remunerative";"ADVANCED";"Work & Study";"https://api.dictionaryapi.dev/media/pronunciations/en/lucrative-us.mp3";"0";"0";""
"word_141";"NOVEL";"/ˈnɑːvl/";"ADJECTIVE";"New and original rather than previously known.";"New, unusual, or original.";"The team proposed a novel way to organize the data.";"New, Original, Innovative, Fresh";"INTERMEDIATE";"Learning";"https://api.dictionaryapi.dev/media/pronunciations/en/novel-us.mp3";"0";"0";""
"word_142";"OBJECTIVE";"/əbˈdʒektɪv/";"ADJECTIVE";"Not influenced by personal feelings or opinions.";"Based on facts rather than personal feelings.";"We need an objective comparison of the two approaches.";"Impartial, Neutral, Unbiased, Factual";"INTERMEDIATE";"Decision Making";"https://api.dictionaryapi.dev/media/pronunciations/en/objective-us.mp3";"0";"0";""
"word_143";"PREVALENT";"/ˈprevələnt/";"ADJECTIVE";"Common or widespread in a particular place or group.";"Common or widespread.";"Remote work became prevalent across many industries.";"Common, Widespread, Frequent, Dominant";"ADVANCED";"Technology & Society";"https://api.dictionaryapi.dev/media/pronunciations/en/prevalent-us.mp3";"0";"0";""
"word_144";"ROBUST";"/roʊˈbʌst/";"ADJECTIVE";"Strong and able to withstand difficult conditions.";"Strong and reliable even under pressure.";"The service needs a robust error-handling system.";"Strong, Durable, Reliable, Resilient";"INTERMEDIATE";"Technology";"https://api.dictionaryapi.dev/media/pronunciations/en/robust-us.mp3";"0";"0";""
"word_145";"SCARCE";"/skers/";"ADJECTIVE";"Insufficient or in short supply.";"Hard to find because there is not much available.";"Skilled workers can be scarce in some markets.";"Rare, Limited, Sparse, Inadequate";"INTERMEDIATE";"General";"https://api.dictionaryapi.dev/media/pronunciations/en/scarce-us.mp3";"0";"0";""
"word_146";"SUBTLE";"/ˈsʌtl/";"ADJECTIVE";"So delicate or slight that it is difficult to notice or describe.";"Small or not obvious.";"There was a subtle difference between the two designs.";"Slight, Delicate, Faint, Nuanced";"INTERMEDIATE";"Learning";"https://api.dictionaryapi.dev/media/pronunciations/en/subtle-us.mp3";"0";"0";""
"word_147";"TANGIBLE";"/ˈtændʒəbl/";"ADJECTIVE";"Clear and definite enough to be perceived or measured.";"Real and easy to see or measure.";"The project produced tangible improvements in performance.";"Concrete, Real, Measurable, Physical";"INTERMEDIATE";"General";"https://api.dictionaryapi.dev/media/pronunciations/en/tangible-us.mp3";"0";"0";""
"word_148";"TENTATIVE";"/ˈtentətɪv/";"ADJECTIVE";"Not certain or fixed; provisional.";"Not final and still open to change.";"We made a tentative plan for next week.";"Uncertain, Provisional, Preliminary, Experimental";"INTERMEDIATE";"Decision Making";"https://api.dictionaryapi.dev/media/pronunciations/en/tentative-us.mp3";"0";"0";""
"word_149";"THOROUGH";"/ˈθɜːroʊ/";"ADJECTIVE";"Complete and including every detail.";"Very complete and careful.";"The tester performed a thorough check before release.";"Complete, Detailed, Exhaustive, Comprehensive";"BEGINNER";"Work & Study";"https://api.dictionaryapi.dev/media/pronunciations/en/thorough-us.mp3";"0";"0";""
"word_150";"UNIQUE";"/juˈniːk/";"ADJECTIVE";"Being the only one of its kind.";"Different from everything else.";"The product offers a unique combination of features.";"Distinctive, Original, Singular, Uncommon";"BEGINNER";"General";"https://api.dictionaryapi.dev/media/pronunciations/en/unique-us.mp3";"0";"0";""
"word_151";"VERSATILITY";"/ˌvɜːrsəˈtɪləti/";"NOUN";"The ability to adapt to many different activities or uses.";"The ability to work well in many different ways.";"The versatility of the tool makes it useful for many projects.";"Flexibility, Adaptability, Range, Variety";"INTERMEDIATE";"Work & Study";"https://api.dictionaryapi.dev/media/pronunciations/en/versatility-us.mp3";"0";"0";""
"word_152";"ACUMEN";"/ˈækjəmən/";"NOUN";"The ability to make good judgments and quick decisions.";"Strong ability to understand and decide wisely.";"Her business acumen helped the team identify the opportunity.";"Insight, Judgment, Expertise, Skill";"ADVANCED";"Decision Making";"https://api.dictionaryapi.dev/media/pronunciations/en/acumen-us.mp3";"0";"0";""
"word_153";"ADEPT";"/əˈdept/";"ADJECTIVE";"Very skilled or proficient at something.";"Very good and skilled at doing something.";"He is adept at solving difficult technical problems.";"Skilled, Capable, Proficient, Expert";"INTERMEDIATE";"Work & Study";"https://api.dictionaryapi.dev/media/pronunciations/en/adept-us.mp3";"0";"0";""
"word_154";"ALLEVIATE";"/əˈliːvieɪt/";"VERB";"Make a problem or unpleasant situation less severe.";"Make something difficult less painful or serious.";"The update should alleviate the performance issues.";"Ease, Relieve, Reduce, Lessen";"ADVANCED";"Problem Solving";"https://api.dictionaryapi.dev/media/pronunciations/en/alleviate-us.mp3";"0";"0";""
"word_155";"APATHETIC";"/ˌæpəˈθetɪk/";"ADJECTIVE";"Showing little interest, enthusiasm, or concern.";"Not interested or excited about something.";"The team became apathetic after repeated failed attempts.";"Indifferent, Uninterested, Unconcerned, Passive";"INTERMEDIATE";"Emotion";"https://api.dictionaryapi.dev/media/pronunciations/en/apathetic-us.mp3";"0";"0";""
"word_156";"ASTUTE";"/əˈstuːt/";"ADJECTIVE";"Having a sharp understanding and good judgment.";"Very good at noticing and understanding things.";"Her astute observation revealed a hidden problem.";"Shrewd, Perceptive, Sharp, Clever";"ADVANCED";"Decision Making";"https://api.dictionaryapi.dev/media/pronunciations/en/astute-us.mp3";"0";"0";""
"word_157";"BENEVOLENCE";"/bəˈnevələns/";"NOUN";"The quality of being well meaning and kindly.";"Kindness and a desire to help others.";"The organization is known for its benevolence toward local communities.";"Kindness, Generosity, Goodwill, Charity";"ADVANCED";"Personality";"https://api.dictionaryapi.dev/media/pronunciations/en/benevolence-us.mp3";"0";"0";""
"word_158";"CAPACITY";"/kəˈpæsəti/";"NOUN";"The maximum amount that something can contain or handle.";"The amount something can hold or handle.";"The server has enough capacity for the expected traffic.";"Ability, Volume, Capability, Potential";"INTERMEDIATE";"Technology";"https://api.dictionaryapi.dev/media/pronunciations/en/capacity-us.mp3";"0";"0";""
"word_159";"CLARITY";"/ˈklærəti/";"NOUN";"The quality of being clear and easy to understand.";"Being easy to understand.";"The speaker explained the process with impressive clarity.";"Clearness, Precision, Simplicity, Transparency";"BEGINNER";"Communication";"https://api.dictionaryapi.dev/media/pronunciations/en/clarity-us.mp3";"0";"0";""
"word_160";"COGNITIVE";"/ˈkɑːɡnətɪv/";"ADJECTIVE";"Related to the mental processes of knowing, thinking, and understanding.";"Related to thinking and understanding.";"Sleep can affect cognitive performance.";"Mental, Intellectual, Reasoning, Perceptual";"ADVANCED";"Learning";"https://api.dictionaryapi.dev/media/pronunciations/en/cognitive-us.mp3";"0";"0";""
"word_161";"CONSISTENCY";"/kənˈsɪstənsi/";"NOUN";"The quality of behaving or performing in the same reliable way.";"Doing something reliably over time.";"Consistency is more useful than intense effort once in a while.";"Uniformity, Stability, Regularity, Reliability";"BEGINNER";"Mindset";"https://api.dictionaryapi.dev/media/pronunciations/en/consistency-us.mp3";"0";"0";""
"word_162";"CREDIBILITY";"/ˌkredəˈbɪləti/";"NOUN";"The quality of being trusted or believed.";"The quality of being believable and trustworthy.";"Clear evidence increased the credibility of the report.";"Trustworthiness, Reliability, Authority, Reputation";"INTERMEDIATE";"Communication";"https://api.dictionaryapi.dev/media/pronunciations/en/credibility-us.mp3";"0";"0";""
"word_163";"CURIOSITY";"/ˌkjʊəriˈɑːsəti/";"NOUN";"A strong desire to know or learn something.";"A strong desire to discover or understand.";"Curiosity encourages people to ask better questions.";"Interest, Inquisitiveness, Wonder, Eagerness";"BEGINNER";"Learning";"https://api.dictionaryapi.dev/media/pronunciations/en/curiosity-us.mp3";"0";"0";""
"word_164";"DISCIPLINE";"/ˈdɪsəplɪn/";"NOUN";"The ability to control behavior and consistently follow rules or a plan.";"The ability to stay focused and follow through.";"Learning a language requires discipline and regular practice.";"Self-control, Training, Order, Persistence";"BEGINNER";"Mindset";"https://api.dictionaryapi.dev/media/pronunciations/en/discipline-us.mp3";"0";"0";""
"word_165";"EFFICIENCY";"/ɪˈfɪʃənsi/";"NOUN";"The ability to achieve maximum productivity with minimum wasted effort.";"Getting results while wasting as little as possible.";"The automation improved the team's efficiency.";"Productivity, Economy, Effectiveness, Performance";"INTERMEDIATE";"Work & Study";"https://api.dictionaryapi.dev/media/pronunciations/en/efficiency-us.mp3";"0";"0";""
"word_166";"EMPATHETIC";"/ˌempəˈθetɪk/";"ADJECTIVE";"Showing the ability to understand another person's feelings.";"Able to understand how someone else feels.";"An empathetic response can make difficult conversations easier.";"Understanding, Compassionate, Sensitive, Caring";"INTERMEDIATE";"Emotion";"https://api.dictionaryapi.dev/media/pronunciations/en/empathetic-us.mp3";"0";"0";""
"word_167";"ENDURANCE";"/ɪnˈdʊrəns/";"NOUN";"The ability to continue doing something despite difficulty or fatigue.";"The ability to keep going for a long time.";"Long projects require patience and endurance.";"Stamina, Persistence, Resilience, Fortitude";"INTERMEDIATE";"Mindset";"https://api.dictionaryapi.dev/media/pronunciations/en/endurance-us.mp3";"0";"0";""
"word_168";"EXPLICIT";"/ɪkˈsplɪsɪt/";"ADJECTIVE";"Stated clearly and in detail, leaving no room for confusion.";"Clearly stated with no hidden meaning.";"The instructions were explicit about the required format.";"Clear, Specific, Definite, Unambiguous";"INTERMEDIATE";"Communication";"https://api.dictionaryapi.dev/media/pronunciations/en/explicit-us.mp3";"0";"0";""
"word_169";"FORESIGHT";"/ˈfɔːrsaɪt/";"NOUN";"The ability to predict what may happen and plan for it.";"Thinking ahead about what might happen.";"Her foresight helped the team prepare for future demand.";"Anticipation, Planning, Prudence, Vision";"ADVANCED";"Decision Making";"https://api.dictionaryapi.dev/media/pronunciations/en/foresight-us.mp3";"0";"0";""
"word_170";"GRATITUDE";"/ˈɡrætɪtuːd/";"NOUN";"The quality of being thankful.";"A feeling of being thankful.";"Expressing gratitude can strengthen relationships.";"Thankfulness, Appreciation, Recognition, Thanks";"BEGINNER";"Emotion";"https://api.dictionaryapi.dev/media/pronunciations/en/gratitude-us.mp3";"0";"0";""
"word_171";"INTEGRITY";"/ɪnˈteɡrəti/";"NOUN";"The quality of being honest and having strong moral principles.";"Being honest and doing what is right.";"Trust grows when people act with integrity.";"Honesty, Morality, Sincerity, Uprightness";"INTERMEDIATE";"Personality";"https://api.dictionaryapi.dev/media/pronunciations/en/integrity-us.mp3";"0";"0";""
"word_172";"MOMENTUM";"/moʊˈmentəm/";"NOUN";"The strength or force gained by a developing process or movement.";"Progress that makes it easier to keep moving forward.";"The team gained momentum after the successful launch.";"Progress, Drive, Force, Impetus";"INTERMEDIATE";"Mindset";"https://api.dictionaryapi.dev/media/pronunciations/en/momentum-us.mp3";"0";"0";""
"word_173";"PERSPECTIVE";"/pərˈspektɪv/";"NOUN";"A particular way of viewing or understanding something.";"A way of looking at a situation.";"Talking to users gave the team a new perspective.";"Viewpoint, Outlook, Angle, Approach";"BEGINNER";"Mindset";"https://api.dictionaryapi.dev/media/pronunciations/en/perspective-us.mp3";"0";"0";""
"word_174";"PRUDENCE";"/ˈpruːdəns/";"NOUN";"Careful and sensible judgment.";"Careful thinking before making decisions.";"Financial prudence can reduce unnecessary risk.";"Caution, Wisdom, Discretion, Carefulness";"ADVANCED";"Decision Making";"https://api.dictionaryapi.dev/media/pronunciations/en/prudence-us.mp3";"0";"0";""
"word_175";"RATIONAL";"/ˈræʃənəl/";"ADJECTIVE";"Based on reason rather than emotion.";"Based on clear logic and reason.";"We need a rational explanation for the unexpected result.";"Logical, Reasonable, Sensible, Sound";"BEGINNER";"Decision Making";"https://api.dictionaryapi.dev/media/pronunciations/en/rational-us.mp3";"0";"0";""
"word_176";"SKEPTICAL";"/ˈskeptɪkl/";"ADJECTIVE";"Not easily convinced; having doubts about something.";"Not believing something until there is enough evidence.";"The reviewer was skeptical of the claim until the data was provided.";"Doubtful, Questioning, Unconvinced, Suspicious";"INTERMEDIATE";"Decision Making";"https://api.dictionaryapi.dev/media/pronunciations/en/skeptical-us.mp3";"0";"0";""
"word_177";"TRANSPARENCY";"/trænsˈpærənsi/";"NOUN";"The quality of being open and clear about actions or information.";"Being open and clear about what is happening.";"Transparency helped the team understand why the process changed.";"Openness, Clarity, Honesty, Disclosure";"INTERMEDIATE";"Communication";"https://api.dictionaryapi.dev/media/pronunciations/en/transparency-us.mp3";"0";"0";""
"word_178";"VISIONARY";"/ˈvɪʒəneri/";"ADJECTIVE";"Thinking about or planning the future with imagination and wisdom.";"Able to imagine useful possibilities for the future.";"The founder presented a visionary plan for the product.";"Innovative, Imaginative, Forward-thinking, Pioneering";"ADVANCED";"Mindset";"https://api.dictionaryapi.dev/media/pronunciations/en/visionary-us.mp3";"0";"0";""
"word_179";"ZEALOUS";"/ˈzeləs/";"ADJECTIVE";"Showing great energy or enthusiasm for a cause or activity.";"Very enthusiastic and energetic about something.";"She was zealous about improving the team's learning culture.";"Enthusiastic, Passionate, Eager, Fervent";"ADVANCED";"Emotion";"https://api.dictionaryapi.dev/media/pronunciations/en/zealous-us.mp3";"0";"0";""
"word_180";"AGILE";"/ˈædʒəl/";"ADJECTIVE";"Able to move or change quickly and easily.";"Quick and able to adapt to change.";"An agile team can respond quickly to new requirements.";"Nimble, Flexible, Quick, Adaptable";"BEGINNER";"Technology";"https://api.dictionaryapi.dev/media/pronunciations/en/agile-us.mp3";"0";"0";""
"word_181";"AUTONOMOUS";"/ɔːˈtɑːnəməs/";"ADJECTIVE";"Able to operate independently without external control.";"Able to work independently.";"The system can perform several tasks autonomously.";"Independent, Self-governing, Self-directed, Self-sufficient";"ADVANCED";"Technology";"https://api.dictionaryapi.dev/media/pronunciations/en/autonomous-us.mp3";"0";"0";""
"word_182";"BREAKTHROUGH";"/ˈbreɪkθruː/";"NOUN";"A sudden important development or discovery.";"A major discovery or improvement.";"The team made a breakthrough in reducing startup time.";"Discovery, Advance, Innovation, Milestone";"INTERMEDIATE";"Learning";"https://api.dictionaryapi.dev/media/pronunciations/en/breakthrough-us.mp3";"0";"0";""
"word_183";"BANDWIDTH";"/ˈbændwɪdθ/";"NOUN";"The amount of capacity available for a particular activity or task.";"The amount of time or capacity available to do work.";"I do not have enough bandwidth to take another task today.";"Capacity, Availability, Resources, Throughput";"INTERMEDIATE";"Work & Study";"https://api.dictionaryapi.dev/media/pronunciations/en/bandwidth-us.mp3";"0";"0";""
"word_184";"BLUEPRINT";"/ˈbluːprɪnt/";"NOUN";"A detailed plan or design for achieving something.";"A detailed plan for building or doing something.";"The roadmap became a blueprint for the next phase.";"Plan, Design, Framework, Outline";"INTERMEDIATE";"Work & Study";"https://api.dictionaryapi.dev/media/pronunciations/en/blueprint-us.mp3";"0";"0";""
"word_185";"CONSTRAINT";"/kənˈstreɪnt/";"NOUN";"A limitation or restriction that affects what can be done.";"A limit that makes something harder or narrower.";"Budget was the main constraint on the project.";"Limitation, Restriction, Boundary, Restraint";"INTERMEDIATE";"Problem Solving";"https://api.dictionaryapi.dev/media/pronunciations/en/constraint-us.mp3";"0";"0";""
"word_186";"CRUCIAL";"/ˈkruːʃəl/";"ADJECTIVE";"Extremely important or necessary.";"Very important to the result.";"Testing is crucial before releasing the update.";"Essential, Critical, Vital, Important";"BEGINNER";"General";"https://api.dictionaryapi.dev/media/pronunciations/en/crucial-us.mp3";"0";"0";""
"word_187";"DEVIATE";"/ˈdiːvieɪt/";"VERB";"Move away from an established path, standard, or expectation.";"Move away from the usual path or plan.";"Do not deviate from the documented process without a reason.";"Depart, Diverge, Stray, Vary";"ADVANCED";"Decision Making";"https://api.dictionaryapi.dev/media/pronunciations/en/deviate-us.mp3";"0";"0";""
"word_188";"ECOSYSTEM";"/ˈiːkoʊsɪstəm/";"NOUN";"A connected system of people, organizations, or technologies.";"A group of connected things that work together.";"Android has a large ecosystem of tools and libraries.";"Network, Environment, System, Community";"INTERMEDIATE";"Technology";"https://api.dictionaryapi.dev/media/pronunciations/en/ecosystem-us.mp3";"0";"0";""
"word_189";"ITERATE";"/ˈɪtəreɪt/";"VERB";"Repeat a process to improve a result.";"Improve something by trying, reviewing, and trying again.";"We iterate on the design after collecting user feedback.";"Repeat, Refine, Revise, Develop";"INTERMEDIATE";"Work & Study";"https://api.dictionaryapi.dev/media/pronunciations/en/iterate-us.mp3";"0";"0";""
"word_190";"MILESTONE";"/ˈmaɪlstoʊn/";"NOUN";"An important stage or event in the progress of a project.";"An important point in a longer process.";"Completing the first release was a major milestone.";"Landmark, Achievement, Stage, Marker";"BEGINNER";"Work & Study";"https://api.dictionaryapi.dev/media/pronunciations/en/milestone-us.mp3";"0";"0";""
"word_191";"PROTOTYPE";"/ˈproʊtətaɪp/";"NOUN";"An early model used to test or develop an idea.";"An early version made for testing.";"The designer built a prototype before final development.";"Model, Draft, Sample, Mock-up";"INTERMEDIATE";"Technology";"https://api.dictionaryapi.dev/media/pronunciations/en/prototype-us.mp3";"0";"0";""
"word_192";"SCALABLE";"/ˈskeɪləbl/";"ADJECTIVE";"Able to grow or expand without major loss of performance.";"Able to handle growth effectively.";"The architecture must be scalable as the user base grows.";"Expandable, Adaptable, Extensible, Elastic";"INTERMEDIATE";"Technology";"https://api.dictionaryapi.dev/media/pronunciations/en/scalable-us.mp3";"0";"0";""
"word_193";"STREAMLINE";"/ˈstriːmlaɪn/";"VERB";"Make a process simpler, faster, or more efficient.";"Make a process easier and more efficient.";"The team streamlined the signup process.";"Simplify, Optimize, Improve, Simplify";"INTERMEDIATE";"Work & Study";"https://api.dictionaryapi.dev/media/pronunciations/en/streamline-us.mp3";"0";"0";""
"word_194";"SYNERGY";"/ˈsɪnərdʒi/";"NOUN";"The combined effect of people or things working together that is greater than their separate effects.";"Extra value created by working well together.";"The two teams created strong synergy during the project.";"Cooperation, Collaboration, Unity, Teamwork";"ADVANCED";"Work & Study";"https://api.dictionaryapi.dev/media/pronunciations/en/synergy-us.mp3";"0";"0";""
"word_195";"THRESHOLD";"/ˈθreʃhoʊld/";"NOUN";"The level or point at which something begins to happen or change.";"A point where something starts or changes.";"The app sends an alert when usage passes the threshold.";"Limit, Boundary, Level, Cutoff";"INTERMEDIATE";"General";"https://api.dictionaryapi.dev/media/pronunciations/en/threshold-us.mp3";"0";"0";""
"word_196";"TRAJECTORY";"/trəˈdʒektəri/";"NOUN";"The path followed by a process or development over time.";"The direction in which something is developing.";"The product's growth trajectory changed after the redesign.";"Path, Course, Direction, Progression";"ADVANCED";"General";"https://api.dictionaryapi.dev/media/pronunciations/en/trajectory-us.mp3";"0";"0";""
"word_197";"UNDERLYING";"/ˌʌndərˈlaɪɪŋ/";"ADJECTIVE";"Existing beneath the surface or forming the basic cause of something.";"The basic cause or idea underneath something.";"We need to fix the underlying cause rather than the symptom.";"Basic, Fundamental, Root, Hidden";"INTERMEDIATE";"Problem Solving";"https://api.dictionaryapi.dev/media/pronunciations/en/underlying-us.mp3";"0";"0";""
"word_198";"UNPREDICTABLE";"/ˌʌnprɪˈdɪktəbl/";"ADJECTIVE";"Not able to be known or guessed in advance.";"Difficult to predict.";"Traffic can be unpredictable during holidays.";"Uncertain, Variable, Erratic, Unforeseeable";"BEGINNER";"General";"https://api.dictionaryapi.dev/media/pronunciations/en/unpredictable-us.mp3";"0";"0";""
"word_199";"VIABLE";"/ˈvaɪəbl/";"ADJECTIVE";"Capable of working successfully or being done effectively.";"Practical and likely to work.";"The team needs a viable solution within the deadline.";"Feasible, Workable, Practical, Sustainable";"INTERMEDIATE";"Decision Making";"https://api.dictionaryapi.dev/media/pronunciations/en/viable-us.mp3";"0";"0";""
"word_200";"VOLATILE";"/ˈvɑːlətl/";"ADJECTIVE";"Liable to change rapidly and unpredictably.";"Changing quickly and unpredictably.";"Demand can be volatile during major events.";"Unstable, Unpredictable, Changeable, Erratic";"ADVANCED";"General";"https://api.dictionaryapi.dev/media/pronunciations/en/volatile-us.mp3";"0";"0";""
"word_201";"WISDOM";"/ˈwɪzdəm/";"NOUN";"The ability to use knowledge and experience to make sensible decisions.";"Good judgment gained from knowledge and experience.";"Experience can bring wisdom that books alone cannot provide.";"Insight, Judgment, Understanding, Prudence";"BEGINNER";"Mindset";"https://api.dictionaryapi.dev/media/pronunciations/en/wisdom-us.mp3";"0";"0";""
"word_202";"ZEAL";"/ziːl/";"NOUN";"Great energy or enthusiasm in pursuit of something.";"Strong enthusiasm for something.";"He approached the new project with great zeal.";"Enthusiasm, Passion, Eagerness, Fervor";"INTERMEDIATE";"Emotion";"https://api.dictionaryapi.dev/media/pronunciations/en/zeal-us.mp3";"0";"0";""
"word_203";"CONUNDRUM";"/kəˈnʌndrəm/";"NOUN";"A confusing and difficult problem or question.";"A difficult problem with no obvious answer.";"Choosing between speed and accuracy created a conundrum.";"Puzzle, Dilemma, Riddle, Problem";"ADVANCED";"Problem Solving";"https://api.dictionaryapi.dev/media/pronunciations/en/conundrum-us.mp3";"0";"0";""
"word_204";"DILEMMA";"/dɪˈlemə/";"NOUN";"A situation requiring a difficult choice between alternatives.";"A difficult choice between two or more options.";"The manager faced a dilemma between speed and quality.";"Predicament, Quandary, Choice, Problem";"INTERMEDIATE";"Decision Making";"https://api.dictionaryapi.dev/media/pronunciations/en/dilemma-us.mp3";"0";"0";""
"word_205";"ENIGMA";"/ɪˈnɪɡmə/";"NOUN";"A person or thing that is difficult to understand or explain.";"Something mysterious or hard to understand.";"The sudden behavior change remained an enigma.";"Mystery, Puzzle, Riddle, Mystery";"ADVANCED";"General";"https://api.dictionaryapi.dev/media/pronunciations/en/enigma-us.mp3";"0";"0";""
"word_206";"FALLACY";"/ˈfæləsi/";"NOUN";"A mistaken belief or a flawed argument.";"A reasoning mistake that makes an argument unreliable.";"Assuming that correlation proves causation is a common fallacy.";"Error, Misconception, Mistake, Illogic";"ADVANCED";"Learning";"https://api.dictionaryapi.dev/media/pronunciations/en/fallacy-us.mp3";"0";"0";""
"word_207";"HYPOTHESIS";"/haɪˈpɑːθəsɪs/";"NOUN";"A proposed explanation made as a basis for investigation.";"An idea that can be tested to see if it is true.";"The team formed a hypothesis about the cause of the crash.";"Theory, Proposition, Assumption, Explanation";"INTERMEDIATE";"Learning";"https://api.dictionaryapi.dev/media/pronunciations/en/hypothesis-us.mp3";"0";"0";""
"word_208";"INNOVATION";"/ˌɪnəˈveɪʃən/";"NOUN";"A new idea, method, or product.";"A new and useful idea or way of doing something.";"Innovation often comes from solving everyday problems differently.";"Invention, Creativity, Breakthrough, Novelty";"BEGINNER";"Technology";"https://api.dictionaryapi.dev/media/pronunciations/en/innovation-us.mp3";"0";"0";""
"word_209";"LEVERAGE";"/ˈlevərɪdʒ/";"VERB";"Use something to maximum advantage.";"Use an existing resource to get a better result.";"We can leverage automation to reduce repetitive work.";"Utilize, Exploit, Apply, Harness";"INTERMEDIATE";"Work & Study";"https://api.dictionaryapi.dev/media/pronunciations/en/leverage-us.mp3";"0";"0";""
"word_210";"NUANCE";"/ˈnuːɑːns/";"NOUN";"A subtle difference or distinction in meaning or expression.";"A small difference that can change meaning.";"The speaker understood the nuance of the customer's concern.";"Subtlety, Distinction, Shade, Refinement";"ADVANCED";"Communication";"https://api.dictionaryapi.dev/media/pronunciations/en/nuance-us.mp3";"0";"0";""
"word_211";"SCRUTINY";"/ˈskruːtəni/";"NOUN";"Critical examination or close inspection.";"Very careful examination.";"The proposal underwent careful scrutiny before approval.";"Inspection, Examination, Review, Analysis";"ADVANCED";"Work & Study";"https://api.dictionaryapi.dev/media/pronunciations/en/scrutiny-us.mp3";"0";"0";""
"word_212";"SOPHISTICATED";"/səˈfɪstɪkeɪtɪd/";"ADJECTIVE";"Highly developed, complex, or advanced.";"Advanced and carefully developed.";"The application uses a sophisticated caching strategy.";"Advanced, Complex, Refined, Developed";"INTERMEDIATE";"Technology";"https://api.dictionaryapi.dev/media/pronunciations/en/sophisticated-us.mp3";"0";"0";""
"word_213";"SUBSTANTIAL";"/səbˈstænʃəl/";"ADJECTIVE";"Of considerable importance, size, or worth.";"Large or important enough to matter.";"The update produced a substantial improvement in performance.";"Significant, Considerable, Large, Major";"INTERMEDIATE";"General";"https://api.dictionaryapi.dev/media/pronunciations/en/substantial-us.mp3";"0";"0";""
"word_214";"TENACITY";"/təˈnæsəti/";"NOUN";"The quality of being persistent and determined.";"The ability to keep trying without giving up.";"Her tenacity helped her finish the difficult course.";"Persistence, Determination, Endurance, Resolve";"ADVANCED";"Mindset";"https://api.dictionaryapi.dev/media/pronunciations/en/tenacity-us.mp3";"0";"0";""
"word_215";"UNWAVERING";"/ʌnˈweɪvərɪŋ/";"ADJECTIVE";"Remaining steady and determined despite difficulties.";"Not changing or weakening.";"He showed unwavering commitment to improving his skills.";"Steadfast, Firm, Constant, Resolute";"ADVANCED";"Mindset";"https://api.dictionaryapi.dev/media/pronunciations/en/unwavering-us.mp3";"0";"0";""
"word_216";"VIVID";"/ˈvɪvɪd/";"ADJECTIVE";"Producing strong, clear, and detailed images or impressions.";"Very clear, bright, or detailed in your mind.";"She gave a vivid description of the experience.";"Clear, Graphic, Striking, Lifelike";"BEGINNER";"Communication";"https://api.dictionaryapi.dev/media/pronunciations/en/vivid-us.mp3";"0";"0";""
"word_217";"ASTONISH";"/əˈstɑːnɪʃ/";"VERB";"Surprise someone greatly.";"Surprise someone very strongly.";"The speed of the new system astonished the team.";"Amaze, Surprise, Stun, Startle";"BEGINNER";"Emotion";"https://api.dictionaryapi.dev/media/pronunciations/en/astonish-us.mp3";"0";"0";""
"word_218";"BOLSTER";"/ˈboʊlstər/";"VERB";"Support or strengthen something.";"Make something stronger or more confident.";"The evidence bolstered the team's argument.";"Strengthen, Support, Reinforce, Encourage";"ADVANCED";"Communication";"https://api.dictionaryapi.dev/media/pronunciations/en/bolster-us.mp3";"0";"0";""
"word_219";"COORDINATE";"/koʊˈɔːrdɪneɪt/";"VERB";"Organize people or activities so they work together effectively.";"Organize different activities so they work well together.";"She coordinated the release tasks across three teams.";"Organize, Arrange, Synchronize, Manage";"INTERMEDIATE";"Work & Study";"https://api.dictionaryapi.dev/media/pronunciations/en/coordinate-us.mp3";"0";"0";""
"word_220";"DETERRENT";"/dɪˈtɜːrənt/";"NOUN";"A thing that discourages someone from doing something.";"Something that makes people less likely to do something.";"Strong passwords can be a deterrent to unauthorized access.";"Discouragement, Prevention, Restraint, Obstacle";"ADVANCED";"Technology";"https://api.dictionaryapi.dev/media/pronunciations/en/deterrent-us.mp3";"0";"0";""
"word_221";"DISRUPT";"/dɪsˈrʌpt/";"VERB";"Interrupt the normal progress or activity of something.";"Stop or change something's normal process.";"A network failure disrupted the service.";"Interrupt, Disturb, Break, Upset";"BEGINNER";"Technology";"https://api.dictionaryapi.dev/media/pronunciations/en/disrupt-us.mp3";"0";"0";""
"word_222";"EMERGE";"/ɪˈmɜːrdʒ/";"VERB";"Become known, visible, or important.";"Appear or become clear over time.";"A clear pattern began to emerge from the data.";"Appear, Arise, Develop, Surface";"BEGINNER";"General";"https://api.dictionaryapi.dev/media/pronunciations/en/emerge-us.mp3";"0";"0";""
"word_223";"EXCEL";"/ɪkˈsel/";"VERB";"Be exceptionally good at something.";"Be very good at something.";"She excels at explaining complex concepts simply.";"Succeed, Shine, Thrive, Outperform";"BEGINNER";"Work & Study";"https://api.dictionaryapi.dev/media/pronunciations/en/excel-us.mp3";"0";"0";""
"word_224";"FLUCTUATE";"/ˈflʌktʃueɪt/";"VERB";"Change continually, especially between higher and lower levels.";"Keep changing up and down.";"Response times fluctuate when server traffic is high.";"Vary, Oscillate, Shift, Change";"ADVANCED";"General";"https://api.dictionaryapi.dev/media/pronunciations/en/fluctuate-us.mp3";"0";"0";""
"word_225";"GENERATE";"/ˈdʒenəreɪt/";"VERB";"Produce or create something.";"Create or produce something.";"The tool generates a report from the collected data.";"Create, Produce, Make, Produce";"BEGINNER";"Technology";"https://api.dictionaryapi.dev/media/pronunciations/en/generate-us.mp3";"0";"0";""
"word_226";"HINDER";"/ˈhɪndər/";"VERB";"Create difficulties for someone or something, resulting in delay or obstruction.";"Make progress harder or slower.";"Poor documentation can hinder new developers.";"Obstruct, Impede, Delay, Hamper";"INTERMEDIATE";"Problem Solving";"https://api.dictionaryapi.dev/media/pronunciations/en/hinder-us.mp3";"0";"0";""
"word_227";"ILLUSTRATE";"/ˈɪləstreɪt/";"VERB";"Explain or make something clear using examples or images.";"Make an idea easier to understand with an example.";"The diagram illustrates how the data flows.";"Explain, Demonstrate, Depict, Clarify";"BEGINNER";"Communication";"https://api.dictionaryapi.dev/media/pronunciations/en/illustrate-us.mp3";"0";"0";""
"word_228";"INTRIGUE";"/ɪnˈtriːɡ/";"VERB";"Arouse curiosity or interest.";"Make someone curious or interested.";"The unusual result intrigued the researchers.";"Interest, Fascinate, Captivate, Engage";"INTERMEDIATE";"Emotion";"https://api.dictionaryapi.dev/media/pronunciations/en/intrigue-us.mp3";"0";"0";""
"word_229";"MANIFEST";"/ˈmænɪfest/";"VERB";"Become apparent through signs or actions.";"Show clearly through behavior or results.";"The problem began to manifest after the update.";"Appear, Show, Reveal, Display";"ADVANCED";"General";"https://api.dictionaryapi.dev/media/pronunciations/en/manifest-us.mp3";"0";"0";""
"word_230";"PERCEIVE";"/pərˈsiːv/";"VERB";"Become aware of something through observation or understanding.";"Notice or understand something.";"Users may perceive the redesigned screen as easier to use.";"Notice, Detect, Recognize, Understand";"INTERMEDIATE";"Learning";"https://api.dictionaryapi.dev/media/pronunciations/en/perceive-us.mp3";"0";"0";""
"word_231";"PROPEL";"/prəˈpel/";"VERB";"Drive or push something forward.";"Push something forward or help it progress.";"The successful launch propelled the product into a new market.";"Drive, Push, Advance, Motivate";"ADVANCED";"Mindset";"https://api.dictionaryapi.dev/media/pronunciations/en/propel-us.mp3";"0";"0";""
"word_232";"RETAINED";"/rɪˈteɪnd/";"ADJECTIVE";"Kept or continued rather than lost or removed.";"Kept instead of being lost.";"The company retained its original design for simplicity.";"Kept, Preserved, Maintained, Held";"INTERMEDIATE";"General";"https://api.dictionaryapi.dev/media/pronunciations/en/retained-us.mp3";"0";"0";""
"word_233";"THRIVE";"/θraɪv/";"VERB";"Grow or develop well and vigorously.";"Grow strongly and successfully.";"Small teams can thrive with clear goals and good communication.";"Flourish, Prosper, Grow, Succeed";"BEGINNER";"Mindset";"https://api.dictionaryapi.dev/media/pronunciations/en/thrive-us.mp3";"0";"0";""
"word_234";"UNRAVEL";"/ʌnˈrævl/";"VERB";"Investigate and solve something complicated.";"Gradually understand or solve a complicated problem.";"The developer unraveled the cause of the unexpected crash.";"Solve, Decode, Untangle, Analyze";"INTERMEDIATE";"Problem Solving";"https://api.dictionaryapi.dev/media/pronunciations/en/unravel-us.mp3";"0";"0";""
"word_235";"UTILIZE";"/ˈjuːtəlaɪz/";"VERB";"Make practical or effective use of something.";"Use something effectively.";"The app utilizes local storage for offline data.";"Use, Employ, Apply, Harness";"INTERMEDIATE";"Work & Study";"https://api.dictionaryapi.dev/media/pronunciations/en/utilize-us.mp3";"0";"0";""
"word_236";"WITHDRAW";"/wɪðˈdrɔː/";"VERB";"Remove or take something away.";"Take something back or move away from a situation.";"The user can withdraw the request before submission.";"Remove, Retreat, Take back, Extract";"INTERMEDIATE";"General";"https://api.dictionaryapi.dev/media/pronunciations/en/withdraw-us.mp3";"0";"0";""
"word_237";"APPEALING";"/əˈpiːlɪŋ/";"ADJECTIVE";"Attractive or interesting to someone.";"Pleasant or interesting enough to attract attention.";"The simple design is appealing to new users.";"Attractive, Engaging, Pleasing, Inviting";"BEGINNER";"Communication";"https://api.dictionaryapi.dev/media/pronunciations/en/appealing-us.mp3";"0";"0";""
"word_238";"CONSISTENT";"/kənˈsɪstənt/";"ADJECTIVE";"Acting or behaving in the same reliable way over time.";"Reliable and steady.";"Consistent practice produces better long-term results.";"Steady, Reliable, Uniform, Regular";"BEGINNER";"Mindset";"https://api.dictionaryapi.dev/media/pronunciations/en/consistent-us.mp3";"0";"0";""
"word_239";"DEPENDABLE";"/dɪˈpendəbl/";"ADJECTIVE";"Trustworthy and reliable.";"Able to be trusted to do what is expected.";"We need a dependable service for daily operations.";"Reliable, Trustworthy, Steady, Responsible";"BEGINNER";"Personality";"https://api.dictionaryapi.dev/media/pronunciations/en/dependable-us.mp3";"0";"0";""
"word_240";"ELOQUENTLY";"/ˈeləkwəntli/";"ADVERB";"In a fluent or persuasive manner.";"In a clear and powerful way of speaking or writing.";"She explained the concept eloquently during the meeting.";"Fluently, Expressively, Persuasively, Clearly";"INTERMEDIATE";"Communication";"https://api.dictionaryapi.dev/media/pronunciations/en/eloquently-us.mp3";"0";"0";""
"word_241";"FRUGAL";"/ˈfruːɡəl/";"ADJECTIVE";"Using money or resources carefully and without waste.";"Careful about spending or using resources.";"A frugal approach helped the team stay within budget.";"Thrifty, Economical, Sparing, Prudent";"INTERMEDIATE";"Decision Making";"https://api.dictionaryapi.dev/media/pronunciations/en/frugal-us.mp3";"0";"0";""
"word_242";"INCLINATION";"/ˌɪnklɪˈneɪʃən/";"NOUN";"A natural tendency or preference for something.";"A tendency or desire to do something.";"He has an inclination to explore new technologies.";"Tendency, Preference, Disposition, Leaning";"ADVANCED";"Personality";"https://api.dictionaryapi.dev/media/pronunciations/en/inclination-us.mp3";"0";"0";""
"word_243";"METICULOUSLY";"/məˈtɪkjələsli/";"ADVERB";"With great attention to detail and accuracy.";"In a very careful and detailed way.";"The records were meticulously checked before submission.";"Carefully, Thoroughly, Precisely, Exactly";"INTERMEDIATE";"Work & Study";"https://api.dictionaryapi.dev/media/pronunciations/en/meticulously-us.mp3";"0";"0";""
"word_244";"PROFICIENT";"/prəˈfɪʃənt/";"ADJECTIVE";"Competent or skilled in doing something.";"Skilled and capable at something.";"She is proficient in Kotlin and Android development.";"Skilled, Capable, Competent, Adept";"INTERMEDIATE";"Work & Study";"https://api.dictionaryapi.dev/media/pronunciations/en/proficient-us.mp3";"0";"0";""
"word_245";"RESOLUTE";"/ˈrezəluːt/";"ADJECTIVE";"Admirably purposeful and unwavering.";"Very determined and not easily discouraged.";"He remained resolute despite repeated setbacks.";"Determined, Firm, Steadfast, Unwavering";"ADVANCED";"Mindset";"https://api.dictionaryapi.dev/media/pronunciations/en/resolute-us.mp3";"0";"0";""
"word_246";"TACTFUL";"/ˈtæktfəl/";"ADJECTIVE";"Having skill in dealing with sensitive matters without causing offense.";"Careful about how you speak to avoid hurting others.";"She gave tactful feedback about the presentation.";"Diplomatic, Considerate, Sensitive, Discreet";"INTERMEDIATE";"Communication";"https://api.dictionaryapi.dev/media/pronunciations/en/tactful-us.mp3";"0";"0";""
"word_247";"THRIVING";"/ˈθraɪvɪŋ/";"ADJECTIVE";"Growing, developing, or succeeding strongly.";"Growing and doing very well.";"The community has a thriving culture of learning.";"Flourishing, Prosperous, Successful, Growing";"BEGINNER";"Mindset";"https://api.dictionaryapi.dev/media/pronunciations/en/thriving-us.mp3";"0";"0";""
"word_248";"APPROACH";"/əˈproʊtʃ/";"NOUN";"A way of dealing with a task, problem, or situation.";"A particular way of handling something.";"We need a different approach to the performance issue.";"Method, Strategy, Manner, Technique";"BEGINNER";"Problem Solving";"https://api.dictionaryapi.dev/media/pronunciations/en/approach-us.mp3";"0";"0";""
"word_249";"ASSUMPTION";"/əˈsʌmpʃən/";"NOUN";"A belief accepted as true without proof.";"Something you believe without having confirmed it.";"The plan was based on the assumption that demand would remain stable.";"Belief, Presumption, Expectation, Hypothesis";"INTERMEDIATE";"Decision Making";"https://api.dictionaryapi.dev/media/pronunciations/en/assumption-us.mp3";"0";"0";""
"word_250";"BOUNDARY";"/ˈbaʊndəri/";"NOUN";"A limit that defines what is acceptable or possible.";"A clear limit.";"The API has a boundary on the number of requests per minute.";"Limit, Border, Restriction, Edge";"BEGINNER";"General";"https://api.dictionaryapi.dev/media/pronunciations/en/boundary-us.mp3";"0";"0";""
"word_251";"COMPROMISE";"/ˈkɑːmprəmaɪz/";"NOUN";"An agreement reached by each side making concessions.";"An agreement where everyone gives up something.";"The teams reached a compromise on the release date.";"Agreement, Settlement, Middle ground, Trade-off";"INTERMEDIATE";"Communication";"https://api.dictionaryapi.dev/media/pronunciations/en/compromise-us.mp3";"0";"0";""
"word_252";"CONTEXT";"/ˈkɑːntekst/";"NOUN";"The circumstances or information that help explain something.";"Background information that helps you understand something.";"The error makes more sense when viewed in context.";"Background, Setting, Circumstances, Framework";"BEGINNER";"Learning";"https://api.dictionaryapi.dev/media/pronunciations/en/context-us.mp3";"0";"0";""
"word_253";"CRITERIA";"/kraɪˈtɪəriə/";"NOUN";"Standards by which something is judged or decided.";"Rules or standards used to evaluate something.";"The feature must meet several criteria before release.";"Standards, Requirements, Conditions, Measures";"INTERMEDIATE";"Decision Making";"https://api.dictionaryapi.dev/media/pronunciations/en/criteria-us.mp3";"0";"0";""
"word_254";"OUTCOME";"/ˈaʊtkʌm/";"NOUN";"The result or consequence of an action or event.";"The result of something.";"The outcome of the experiment was unexpected.";"Result, Consequence, Effect, Conclusion";"BEGINNER";"General";"https://api.dictionaryapi.dev/media/pronunciations/en/outcome-us.mp3";"0";"0";""
"word_255";"PRIORITY";"/praɪˈɔːrəti/";"NOUN";"A thing regarded as more important than others.";"Something that should be handled first.";"Fixing the security issue is our top priority.";"Importance, Preference, Precedence, Concern";"BEGINNER";"Work & Study";"https://api.dictionaryapi.dev/media/pronunciations/en/priority-us.mp3";"0";"0";""
"word_256";"RATIONALE";"/ˌræʃəˈnæl/";"NOUN";"A set of reasons or logical basis for a decision or action.";"The reasoning behind a decision.";"The developer explained the rationale for changing the architecture.";"Reasoning, Logic, Basis, Justification";"ADVANCED";"Decision Making";"https://api.dictionaryapi.dev/media/pronunciations/en/rationale-us.mp3";"0";"0";""
"word_257";"SCENARIO";"/səˈnɑːrioʊ/";"NOUN";"A possible situation or sequence of events.";"A possible situation that might happen.";"We tested the app under several network scenarios.";"Situation, Possibility, Case, Circumstance";"BEGINNER";"General";"https://api.dictionaryapi.dev/media/pronunciations/en/scenario-us.mp3";"0";"0";""
"word_258";"STRATEGY";"/ˈstrætədʒi/";"NOUN";"A plan designed to achieve a long-term goal.";"A careful plan for reaching a goal.";"The team created a strategy for improving retention.";"Plan, Approach, Tactic, Blueprint";"BEGINNER";"Decision Making";"https://api.dictionaryapi.dev/media/pronunciations/en/strategy-us.mp3";"0";"0";""
"word_259";"TRAIT";"/treɪt/";"NOUN";"A distinguishing quality or characteristic of a person or thing.";"A quality that describes someone or something.";"Patience is a useful trait for learning difficult skills.";"Characteristic, Quality, Feature, Attribute";"BEGINNER";"Personality";"https://api.dictionaryapi.dev/media/pronunciations/en/trait-us.mp3";"0";"0";""
"word_260";"UPLIFT";"/ʌpˈlɪft/";"VERB";"Raise something in a positive or encouraging way.";"Make someone feel happier or more hopeful.";"Her encouraging message uplifted the team.";"Encourage, Cheer, Inspire, Raise";"INTERMEDIATE";"Emotion";"https://api.dictionaryapi.dev/media/pronunciations/en/uplift-us.mp3";"0";"0";""
"word_261";"WORKFLOW";"/ˈwɜːrkfloʊ/";"NOUN";"The sequence of processes through which a task or piece of work passes.";"The steps used to complete a task.";"The new workflow reduced repeated manual work.";"Process, Procedure, Sequence, Routine";"BEGINNER";"Work & Study";"https://api.dictionaryapi.dev/media/pronunciations/en/workflow-us.mp3";"0";"0";""
"word_262";"ZEALOUSLY";"/ˈzeləsli/";"ADVERB";"With great energy and enthusiasm.";"With strong enthusiasm and energy.";"The volunteers worked zealously to finish the project.";"Enthusiastically, Passionately, Eagerly, Fervently";"ADVANCED";"Emotion";"https://api.dictionaryapi.dev/media/pronunciations/en/zealously-us.mp3";"0";"0";""
"word_263";"ABIDE";"/əˈbaɪd/";"VERB";"Accept or act according to a rule or decision.";"Follow or accept a rule.";"All users must abide by the platform guidelines.";"Follow, Obey, Accept, Observe";"ADVANCED";"General";"https://api.dictionaryapi.dev/media/pronunciations/en/abide-us.mp3";"0";"0";""
"word_264";"COGNIZANT";"/ˈkɑːɡnɪzənt/";"ADJECTIVE";"Having knowledge or awareness of something.";"Aware of something important.";"The team is cognizant of the risks involved.";"Aware, Conscious, Informed, Mindful";"ADVANCED";"Learning";"https://api.dictionaryapi.dev/media/pronunciations/en/cognizant-us.mp3";"0";"0";""
"word_265";"CONTRADICT";"/ˌkɑːntrəˈdɪkt/";"VERB";"Deny the truth of a statement or be inconsistent with it.";"Say or show that something is not true or does not agree.";"The new evidence contradicts the earlier assumption.";"Dispute, Deny, Oppose, Refute";"INTERMEDIATE";"Communication";"https://api.dictionaryapi.dev/media/pronunciations/en/contradict-us.mp3";"0";"0";""
"word_266";"CONVEY";"/kənˈveɪ/";"VERB";"Communicate or express an idea, feeling, or message.";"Communicate an idea or feeling.";"The chart conveys the main result clearly.";"Communicate, Express, Transmit, Deliver";"INTERMEDIATE";"Communication";"https://api.dictionaryapi.dev/media/pronunciations/en/convey-us.mp3";"0";"0";""
"word_267";"ENCOURAGE";"/ɪnˈkɜːrɪdʒ/";"VERB";"Give someone support or confidence to do something.";"Help someone feel confident enough to act.";"Good feedback encourages people to keep learning.";"Support, Motivate, Inspire, Urge";"BEGINNER";"Emotion";"https://api.dictionaryapi.dev/media/pronunciations/en/encourage-us.mp3";"0";"0";""
"word_268";"EXEMPLIFY";"/ɪɡˈzemplɪfaɪ/";"VERB";"Be a typical example of something.";"Show an idea clearly through an example.";"Her work exemplifies careful attention to detail.";"Illustrate, Demonstrate, Represent, Show";"ADVANCED";"Learning";"https://api.dictionaryapi.dev/media/pronunciations/en/exemplify-us.mp3";"0";"0";""
"word_269";"FACET";"/ˈfæsɪt/";"NOUN";"One aspect or feature of something.";"One part or side of something.";"Testing is an important facet of software development.";"Aspect, Feature, Element, Side";"INTERMEDIATE";"General";"https://api.dictionaryapi.dev/media/pronunciations/en/facet-us.mp3";"0";"0";""
"word_270";"INTRINSIC";"/ɪnˈtrɪnzɪk/";"ADJECTIVE";"Belonging naturally to the essential nature of something.";"Naturally part of something.";"Curiosity has intrinsic value in learning.";"Inherent, Innate, Essential, Natural";"ADVANCED";"Learning";"https://api.dictionaryapi.dev/media/pronunciations/en/intrinsic-us.mp3";"0";"0";""
"word_271";"NOTION";"/ˈnoʊʃən/";"NOUN";"A conception or belief about something.";"An idea or belief about something.";"The notion that mistakes are always bad can limit learning.";"Idea, Concept, Belief, Impression";"INTERMEDIATE";"Learning";"https://api.dictionaryapi.dev/media/pronunciations/en/notion-us.mp3";"0";"0";""
"word_272";"PRECISELY";"/prɪˈsaɪsli/";"ADVERB";"In an exact or accurate manner.";"Exactly and accurately.";"Please describe precisely what happened before the error.";"Exactly, Accurately, Specifically, Clearly";"BEGINNER";"Communication";"https://api.dictionaryapi.dev/media/pronunciations/en/precisely-us.mp3";"0";"0";""
"word_273";"RELEVANT";"/ˈreləvənt/";"ADJECTIVE";"Closely connected with the matter being discussed.";"Directly related to what is being discussed.";"Please include only relevant information in the report.";"Related, Applicable, Pertinent, Appropriate";"BEGINNER";"Communication";"https://api.dictionaryapi.dev/media/pronunciations/en/relevant-us.mp3";"0";"0";""
"word_274";"SIGNIFICANT";"/sɪɡˈnɪfɪkənt/";"ADJECTIVE";"Sufficiently important or noticeable.";"Important or large enough to matter.";"The update caused a significant improvement in startup time.";"Important, Major, Meaningful, Notable";"BEGINNER";"General";"https://api.dictionaryapi.dev/media/pronunciations/en/significant-us.mp3";"0";"0";""
"word_275";"SUSTAINABLE";"/səˈsteɪnəbl/";"ADJECTIVE";"Able to continue over a long period without causing harm or using resources excessively.";"Able to continue successfully for a long time.";"A sustainable learning routine is easier to maintain.";"Maintainable, Durable, Viable, Long-lasting";"INTERMEDIATE";"Mindset";"https://api.dictionaryapi.dev/media/pronunciations/en/sustainable-us.mp3";"0";"0";""
"word_276";"THOROUGHLY";"/ˈθɜːrəli/";"ADVERB";"In a complete and careful way.";"Completely and carefully.";"The team thoroughly tested the new release.";"Completely, Carefully, Fully, Exhaustively";"BEGINNER";"Work & Study";"https://api.dictionaryapi.dev/media/pronunciations/en/thoroughly-us.mp3";"0";"0";""
"word_277";"UNAMBIGUOUS";"/ˌʌnæmˈbɪɡjuəs/";"ADJECTIVE";"Not open to more than one interpretation.";"Clear and having only one meaning.";"The requirement must be unambiguous before development starts.";"Clear, Definite, Explicit, Certain";"ADVANCED";"Communication";"https://api.dictionaryapi.dev/media/pronunciations/en/unambiguous-us.mp3";"0";"0";""
"word_278";"VALIDITY";"/vəˈlɪdəti/";"NOUN";"The quality of being logically or factually sound.";"The quality of being correct or logically sound.";"The researcher questioned the validity of the result.";"Soundness, Accuracy, Reliability, Legitimacy";"ADVANCED";"Learning";"https://api.dictionaryapi.dev/media/pronunciations/en/validity-us.mp3";"0";"0";""
"word_279";"VULNERABLE";"/ˈvʌlnərəbl/";"ADJECTIVE";"Exposed to the possibility of being harmed or attacked.";"Easy to hurt, damage, or attack.";"Old software can be vulnerable to security problems.";"Exposed, Susceptible, At risk, Unprotected";"INTERMEDIATE";"Technology";"https://api.dictionaryapi.dev/media/pronunciations/en/vulnerable-us.mp3";"0";"0";""
"word_280";"ABRUPT";"/əˈbrʌpt/";"ADJECTIVE";"Sudden and unexpected, especially in an unpleasant way.";"Sudden and without warning.";"The abrupt change in requirements surprised the team.";"Sudden, Unexpected, Hasty, Immediate";"INTERMEDIATE";"General";"https://api.dictionaryapi.dev/media/pronunciations/en/abrupt-us.mp3";"0";"0";""
"word_281";"CONSENSUS";"/kənˈsensəs/";"NOUN";"General agreement among a group.";"A decision or opinion that most people agree with.";"The team reached a consensus after discussing the trade-offs.";"Agreement, Unity, Accord, Harmony";"INTERMEDIATE";"Communication";"https://api.dictionaryapi.dev/media/pronunciations/en/consensus-us.mp3";"0";"0";""
"word_282";"CONTROVERSIAL";"/ˌkɑːntrəˈvɜːrʃəl/";"ADJECTIVE";"Causing disagreement or public discussion.";"Likely to create strong disagreement.";"The proposal was controversial because it changed the existing process.";"Disputed, Debated, Contentious, Divisive";"INTERMEDIATE";"General";"https://api.dictionaryapi.dev/media/pronunciations/en/controversial-us.mp3";"0";"0";""
"word_283";"DETERMINATION";"/dɪˌtɜːrmɪˈneɪʃən/";"NOUN";"Firmness of purpose; resolve.";"Strong determination to achieve something.";"Her determination helped her continue learning after mistakes.";"Resolve, Persistence, Tenacity, Willpower";"BEGINNER";"Mindset";"https://api.dictionaryapi.dev/media/pronunciations/en/determination-us.mp3";"0";"0";""
"word_284";"DISCREPANCY";"/dɪˈskrepənsi/";"NOUN";"A lack of compatibility or consistency between two things.";"A difference between things that should match.";"The auditor found a discrepancy between the two records.";"Difference, Inconsistency, Mismatch, Variation";"ADVANCED";"Work & Study";"https://api.dictionaryapi.dev/media/pronunciations/en/discrepancy-us.mp3";"0";"0";""
"word_285";"DISTRACT";"/dɪˈstrækt/";"VERB";"Prevent someone from concentrating by drawing attention elsewhere.";"Take attention away from what someone should focus on.";"Phone notifications can distract you while studying.";"Divert, Interrupt, Disturb, Divert";"BEGINNER";"Mindset";"https://api.dictionaryapi.dev/media/pronunciations/en/distract-us.mp3";"0";"0";""
"word_286";"INCONSISTENT";"/ˌɪnkənˈsɪstənt/";"ADJECTIVE";"Not staying the same or not agreeing with something else.";"Changing or failing to match.";"The test results were inconsistent across devices.";"Variable, Irregular, Conflicting, Unsteady";"INTERMEDIATE";"General";"https://api.dictionaryapi.dev/media/pronunciations/en/inconsistent-us.mp3";"0";"0";""
"word_287";"INTRUSIVE";"/ɪnˈtruːsɪv/";"ADJECTIVE";"Causing disruption or unwanted interference.";"Unwanted and disturbing.";"Too many pop-ups can feel intrusive to users.";"Obtrusive, Interfering, Unwanted, Disruptive";"INTERMEDIATE";"Technology";"https://api.dictionaryapi.dev/media/pronunciations/en/intrusive-us.mp3";"0";"0";""
"word_288";"PROVISIONAL";"/prəˈvɪʒənəl/";"ADJECTIVE";"Arranged or existing for the present, possibly to be changed later.";"Temporary and not final.";"The release date is provisional until testing is complete.";"Temporary, Tentative, Preliminary, Conditional";"ADVANCED";"Decision Making";"https://api.dictionaryapi.dev/media/pronunciations/en/provisional-us.mp3";"0";"0";""
"word_289";"RECURRING";"/rɪˈkɜːrɪŋ/";"ADJECTIVE";"Occurring repeatedly, especially at regular intervals.";"Happening again and again.";"The team noticed a recurring error after every restart.";"Repeated, Repeatedly occurring, Cyclic, Periodic";"INTERMEDIATE";"Technology";"https://api.dictionaryapi.dev/media/pronunciations/en/recurring-us.mp3";"0";"0";""
"word_290";"RELIABLE";"/rɪˈlaɪəbl/";"ADJECTIVE";"Consistently good in quality or performance; trustworthy.";"Working well consistently and able to be trusted.";"A reliable backup system is essential for important data.";"Dependable, Trustworthy, Consistent, Steady";"BEGINNER";"Technology";"https://api.dictionaryapi.dev/media/pronunciations/en/reliable-us.mp3";"0";"0";""
"word_291";"SENSIBLE";"/ˈsensəbl/";"ADJECTIVE";"Chosen in accordance with good judgment and practical considerations.";"Reasonable and practical.";"Taking regular breaks is a sensible study habit.";"Practical, Reasonable, Wise, Sound";"BEGINNER";"Decision Making";"https://api.dictionaryapi.dev/media/pronunciations/en/sensible-us.mp3";"0";"0";""
"word_292";"SPONTANEOUS";"/spɑːnˈteɪniəs/";"ADJECTIVE";"Performed or occurring as a result of a sudden impulse without planning.";"Happening naturally without being planned.";"The team had a spontaneous discussion after the demo.";"Unplanned, Impulsive, Natural, Unscripted";"INTERMEDIATE";"Emotion";"https://api.dictionaryapi.dev/media/pronunciations/en/spontaneous-us.mp3";"0";"0";""
"word_293";"STAGNANT";"/ˈstæɡnənt/";"ADJECTIVE";"Showing no flow, movement, or development.";"Not growing, changing, or improving.";"Without new challenges, learning can become stagnant.";"Inactive, Static, Motionless, Unchanging";"ADVANCED";"Mindset";"https://api.dictionaryapi.dev/media/pronunciations/en/stagnant-us.mp3";"0";"0";""
"word_294";"UNDERMINE";"/ˌʌndərˈmaɪn/";"VERB";"Weaken or damage something gradually or secretly.";"Make something weaker over time.";"Poor communication can undermine team trust.";"Weaken, Damage, Erode, Sabotage";"INTERMEDIATE";"Problem Solving";"https://api.dictionaryapi.dev/media/pronunciations/en/undermine-us.mp3";"0";"0";""
"word_295";"ACQUIRE";"/əˈkwaɪər/";"VERB";"Gain or obtain something through effort or experience.";"Get or learn something over time.";"You can acquire new skills through consistent practice.";"Obtain, Gain, Attain, Learn";"BEGINNER";"Learning";"https://api.dictionaryapi.dev/media/pronunciations/en/acquire-us.mp3";"0";"0";""
"word_296";"ACCUMULATE";"/əˈkjuːmjəleɪt/";"VERB";"Gather or build up over time.";"Collect more and more over time.";"Small mistakes can accumulate if they are not fixed.";"Gather, Collect, Build, Amass";"INTERMEDIATE";"General";"https://api.dictionaryapi.dev/media/pronunciations/en/accumulate-us.mp3";"0";"0";""
"word_297";"COEXIST";"/ˌkoʊɪɡˈzɪst/";"VERB";"Exist together at the same time or in the same place.";"Live or exist together.";"Different approaches can coexist within the same team.";"Cooperate, Co-occur, Share, Live together";"INTERMEDIATE";"General";"https://api.dictionaryapi.dev/media/pronunciations/en/coexist-us.mp3";"0";"0";""
"word_298";"COMPENSATE";"/ˈkɑːmpenseɪt/";"VERB";"Make up for something undesirable or balance a loss.";"Make up for a disadvantage or loss.";"Extra testing helped compensate for the limited development time.";"Offset, Balance, Reimburse, Make up for";"INTERMEDIATE";"Problem Solving";"https://api.dictionaryapi.dev/media/pronunciations/en/compensate-us.mp3";"0";"0";""
"word_299";"COMPLEMENT";"/ˈkɑːmplɪment/";"VERB";"Add to something in a way that improves or completes it.";"Add something that makes another thing better.";"The dark theme complements the simple interface.";"Enhance, Complete, Supplement, Match";"INTERMEDIATE";"General";"https://api.dictionaryapi.dev/media/pronunciations/en/complement-us.mp3";"0";"0";""
"word_300";"CONSERVE";"/kənˈsɜːrv/";"VERB";"Prevent wasteful use of a resource.";"Use resources carefully and avoid waste.";"The system conserves battery by reducing background work.";"Save, Preserve, Protect, Economize";"INTERMEDIATE";"Technology";"https://api.dictionaryapi.dev/media/pronunciations/en/conserve-us.mp3";"0";"0";""
"word_301";"CORRELATE";"/ˈkɔːrəleɪt/";"VERB";"Have a mutual relationship or connection.";"Be connected in a way that changes together.";"Higher usage tends to correlate with more support requests.";"Relate, Connect, Associate, Correspond";"ADVANCED";"Learning";"https://api.dictionaryapi.dev/media/pronunciations/en/correlate-us.mp3";"0";"0";""
"word_302";"COUNTERPART";"/ˈkaʊntərpɑːrt/";"NOUN";"A person or thing holding a corresponding position or function.";"A person or thing with a similar role or purpose.";"The mobile team worked with its web counterpart.";"Equivalent, Match, Peer, Equivalent";"ADVANCED";"Work & Study";"https://api.dictionaryapi.dev/media/pronunciations/en/counterpart-us.mp3";"0";"0";""
"word_303";"DEPTH";"/depθ/";"NOUN";"The quality of being deep or showing deep understanding.";"How deeply something is understood or developed.";"The course goes into greater depth on advanced topics.";"Profundity, Intensity, Thoroughness, Detail";"BEGINNER";"Learning";"https://api.dictionaryapi.dev/media/pronunciations/en/depth-us.mp3";"0";"0";""
"word_304";"DIVERSE";"/daɪˈvɜːrs/";"ADJECTIVE";"Showing a great deal of variety.";"Containing many different types or kinds.";"The team has diverse experience across several technologies.";"Varied, Mixed, Broad, Multifaceted";"BEGINNER";"General";"https://api.dictionaryapi.dev/media/pronunciations/en/diverse-us.mp3";"0";"0";""
"word_305";"EMBODY";"/ɪmˈbɑːdi/";"VERB";"Represent a quality or idea in a clear or tangible form.";"Clearly show a particular quality or idea.";"The design embodies simplicity and accessibility.";"Represent, Express, Personify, Reflect";"ADVANCED";"Communication";"https://api.dictionaryapi.dev/media/pronunciations/en/embody-us.mp3";"0";"0";""
"word_306";"EVOLVE";"/ɪˈvɑːlv/";"VERB";"Develop gradually, especially from a simple form to a more complex one.";"Change and improve gradually over time.";"The product evolved based on user feedback.";"Develop, Progress, Transform, Change";"BEGINNER";"General";"https://api.dictionaryapi.dev/media/pronunciations/en/evolve-us.mp3";"0";"0";""
"word_307";"EXCEED";"/ɪkˈsiːd/";"VERB";"Be greater or better than a particular amount or expectation.";"Go beyond a limit or expectation.";"The app exceeded the team's performance target.";"Surpass, Outdo, Transcend, Beat";"BEGINNER";"Work & Study";"https://api.dictionaryapi.dev/media/pronunciations/en/exceed-us.mp3";"0";"0";""
"word_308";"FLAW";"/flɔː/";"NOUN";"A fault or weakness in something.";"A problem or weakness in something.";"The review uncovered a flaw in the validation logic.";"Defect, Fault, Weakness, Imperfection";"BEGINNER";"Problem Solving";"https://api.dictionaryapi.dev/media/pronunciations/en/flaw-us.mp3";"0";"0";""
"word_309";"HARMONIZE";"/ˈhɑːrmənaɪz/";"VERB";"Bring into agreement or make things work well together.";"Make different things fit or work together.";"The teams harmonized their processes to avoid duplication.";"Align, Coordinate, Reconcile, Integrate";"ADVANCED";"Work & Study";"https://api.dictionaryapi.dev/media/pronunciations/en/harmonize-us.mp3";"0";"0";""
"word_310";"IMMERSE";"/ɪˈmɜːrs/";"VERB";"Involve oneself deeply in a particular activity or subject.";"Become deeply involved in something.";"She immersed herself in learning Kotlin for several weeks.";"Engage, Absorb, Involve, Engage deeply";"INTERMEDIATE";"Learning";"https://api.dictionaryapi.dev/media/pronunciations/en/immerse-us.mp3";"0";"0";""
"word_311";"INNOVATIVE";"/ˈɪnəveɪtɪv/";"ADJECTIVE";"Featuring new methods, ideas, or technology.";"Using new and creative ideas.";"The team developed an innovative way to simplify onboarding.";"Original, Creative, Novel, Inventive";"BEGINNER";"Technology";"https://api.dictionaryapi.dev/media/pronunciations/en/innovative-us.mp3";"0";"0";""
"word_312";"MANAGEABLE";"/ˈmænɪdʒəbl/";"ADJECTIVE";"Able to be handled or dealt with successfully.";"Easy enough to handle or control.";"Breaking the project into smaller tasks made it manageable.";"Practical, Controllable, Feasible, Workable";"BEGINNER";"Work & Study";"https://api.dictionaryapi.dev/media/pronunciations/en/manageable-us.mp3";"0";"0";""
"word_313";"OUTPERFORM";"/ˌaʊtpərˈfɔːrm/";"VERB";"Perform better than someone or something else.";"Do better than another person or system.";"The optimized version outperformed the previous release.";"Surpass, Exceed, Outdo, Beat";"INTERMEDIATE";"Work & Study";"https://api.dictionaryapi.dev/media/pronunciations/en/outperform-us.mp3";"0";"0";""
"word_314";"PIVOTAL";"/ˈpɪvətl/";"ADJECTIVE";"Of great importance because it affects the development of a situation.";"Extremely important to what happens next.";"The user feedback was pivotal in shaping the redesign.";"Crucial, Critical, Central, Decisive";"ADVANCED";"Decision Making";"https://api.dictionaryapi.dev/media/pronunciations/en/pivotal-us.mp3";"0";"0";""
"word_315";"PROGRESSIVE";"/prəˈɡresɪv/";"ADJECTIVE";"Developing or changing gradually toward an improved state.";"Developing steadily toward improvement.";"The company introduced progressive changes to its workflow.";"Developing, Advancing, Evolving, Forward-looking";"INTERMEDIATE";"General";"https://api.dictionaryapi.dev/media/pronunciations/en/progressive-us.mp3";"0";"0";""
"word_316";"RESPECTIVE";"/rɪˈspektɪv/";"ADJECTIVE";"Belonging separately to each of two or more people or things.";"Belonging to each person or thing separately.";"The developers returned to their respective tasks after the meeting.";"Individual, Separate, Corresponding, Particular";"ADVANCED";"General";"https://api.dictionaryapi.dev/media/pronunciations/en/respective-us.mp3";"0";"0";""
"word_317";"SEAMLESS";"/ˈsiːmləs/";"ADJECTIVE";"Smooth and continuous, with no obvious breaks or difficulties.";"Smooth and easy without interruptions.";"The new login flow provides a seamless user experience.";"Smooth, Continuous, Effortless, Unified";"INTERMEDIATE";"Technology";"https://api.dictionaryapi.dev/media/pronunciations/en/seamless-us.mp3";"0";"0";""
"word_318";"SIGNIFICANCE";"/sɪɡˈnɪfɪkəns/";"NOUN";"The importance or meaning of something.";"Why something is important or meaningful.";"The team discussed the significance of the test results.";"Importance, Meaning, Relevance, Value";"INTERMEDIATE";"General";"https://api.dictionaryapi.dev/media/pronunciations/en/significance-us.mp3";"0";"0";""
"word_319";"STREAMLINED";"/ˈstriːmlaɪnd/";"ADJECTIVE";"Made simpler, quicker, or more efficient.";"Simplified and made more efficient.";"The streamlined process reduced the number of steps.";"Simplified, Efficient, Optimized, Organized";"INTERMEDIATE";"Work & Study";"https://api.dictionaryapi.dev/media/pronunciations/en/streamlined-us.mp3";"0";"0";""
"word_320";"SUBSEQUENT";"/ˈsʌbsɪkwənt/";"ADJECTIVE";"Coming after something in time or order.";"Happening after something else.";"Subsequent tests confirmed that the fix worked.";"Following, Later, Successive, Next";"ADVANCED";"General";"https://api.dictionaryapi.dev/media/pronunciations/en/subsequent-us.mp3";"0";"0";""
"word_321";"TRANSIENT";"/ˈtrænziənt/";"ADJECTIVE";"Lasting only for a short time.";"Temporary and short-lived.";"The error was transient and disappeared after restarting.";"Temporary, Brief, Fleeting, Ephemeral";"ADVANCED";"General";"https://api.dictionaryapi.dev/media/pronunciations/en/transient-us.mp3";"0";"0";""
"word_322";"UNPRECEDENTED";"/ʌnˈpresɪdentɪd/";"ADJECTIVE";"Never done or known before.";"Never seen or done before.";"The launch created unprecedented demand for the service.";"Unexampled, Novel, Unique, Extraordinary";"ADVANCED";"General";"https://api.dictionaryapi.dev/media/pronunciations/en/unprecedented-us.mp3";"0";"0";""
"word_323";"ANTICIPATION";"/ænˌtɪsɪˈpeɪʃən/";"NOUN";"A feeling of excitement about something expected to happen.";"The feeling of expecting something to happen.";"There was strong anticipation before the product launch.";"Expectation, Excitement, Forecast, Foresight";"INTERMEDIATE";"Emotion";"https://api.dictionaryapi.dev/media/pronunciations/en/anticipation-us.mp3";"0";"0";""
"word_324";"APPREHENSIVE";"/ˌæprɪˈhensɪv/";"ADJECTIVE";"Anxious or fearful that something bad may happen.";"Worried about what might happen.";"He felt apprehensive before presenting to the large audience.";"Anxious, Uneasy, Concerned, Nervous";"INTERMEDIATE";"Emotion";"https://api.dictionaryapi.dev/media/pronunciations/en/apprehensive-us.mp3";"0";"0";""
"word_325";"CALMNESS";"/ˈkɑːmnəs/";"NOUN";"The state of being peaceful and free from agitation.";"A peaceful and relaxed state.";"Her calmness helped the team handle the urgent situation.";"Serenity, Composure, Peace, Tranquility";"BEGINNER";"Emotion";"https://api.dictionaryapi.dev/media/pronunciations/en/calmness-us.mp3";"0";"0";""
"word_326";"COMMITMENT";"/kəˈmɪtmənt/";"NOUN";"A willingness to give time, effort, or loyalty to something.";"A strong promise or dedication to something.";"Learning consistently requires commitment.";"Dedication, Devotion, Responsibility, Loyalty";"BEGINNER";"Mindset";"https://api.dictionaryapi.dev/media/pronunciations/en/commitment-us.mp3";"0";"0";""
"word_327";"CONCENTRATE";"/ˈkɑːnsəntreɪt/";"VERB";"Give all one's attention to something.";"Focus your attention on one thing.";"I find it easier to concentrate when notifications are off.";"Focus, Attend, Center, Apply";"BEGINNER";"Mindset";"https://api.dictionaryapi.dev/media/pronunciations/en/concentrate-us.mp3";"0";"0";""
"word_328";"CONFUSION";"/kənˈfjuːʒən/";"NOUN";"Uncertainty about what something means or how to proceed.";"A lack of clear understanding.";"The unclear instructions caused confusion.";"Uncertainty, Bewilderment, Disorder, Doubt";"BEGINNER";"Emotion";"https://api.dictionaryapi.dev/media/pronunciations/en/confusion-us.mp3";"0";"0";""
"word_329";"COURAGEOUS";"/kəˈreɪdʒəs/";"ADJECTIVE";"Not deterred by danger or difficulty.";"Brave enough to face something difficult.";"It was courageous of her to admit the mistake and fix it.";"Brave, Bold, Fearless, Daring";"INTERMEDIATE";"Personality";"https://api.dictionaryapi.dev/media/pronunciations/en/courageous-us.mp3";"0";"0";""
"word_330";"DELIBERATION";"/dɪˌlɪbəˈreɪʃən/";"NOUN";"Careful consideration before making a decision.";"Careful thought before deciding.";"After careful deliberation, the team selected the simpler design.";"Consideration, Reflection, Discussion, Thought";"ADVANCED";"Decision Making";"https://api.dictionaryapi.dev/media/pronunciations/en/deliberation-us.mp3";"0";"0";""
"word_331";"FOCUS";"/ˈfoʊkəs/";"NOUN";"The center of interest or attention.";"The thing you give most of your attention to.";"My main focus today is completing the migration.";"Attention, Concentration, Emphasis, Priority";"BEGINNER";"Mindset";"https://api.dictionaryapi.dev/media/pronunciations/en/focus-us.mp3";"0";"0";""
"word_332";"IMPULSIVE";"/ɪmˈpʌlsɪv/";"ADJECTIVE";"Acting suddenly without careful thought.";"Acting without thinking first.";"An impulsive decision can create avoidable problems.";"Spontaneous, Rash, Hasty, Unplanned";"INTERMEDIATE";"Decision Making";"https://api.dictionaryapi.dev/media/pronunciations/en/impulsive-us.mp3";"0";"0";""
"word_333";"MINDFUL";"/ˈmaɪndfəl/";"ADJECTIVE";"Conscious or aware of something.";"Paying careful attention to what you are doing.";"Be mindful of the assumptions behind the estimate.";"Aware, Attentive, Conscious, Considerate";"BEGINNER";"Mindset";"https://api.dictionaryapi.dev/media/pronunciations/en/mindful-us.mp3";"0";"0";""
"word_334";"PATIENT";"/ˈpeɪʃənt/";"ADJECTIVE";"Able to wait or deal with difficulties without becoming annoyed.";"Able to stay calm while waiting or learning.";"Be patient when learning a difficult concept.";"Calm, Tolerant, Enduring, Understanding";"BEGINNER";"Emotion";"https://api.dictionaryapi.dev/media/pronunciations/en/patient-us.mp3";"0";"0";""
"word_335";"PERSEVERE";"/ˌpɜːrsəˈvɪr/";"VERB";"Continue in a course of action despite difficulty.";"Keep going even when something is difficult.";"If you persevere, difficult concepts become easier with practice.";"Persist, Endure, Continue, Persist";"INTERMEDIATE";"Mindset";"https://api.dictionaryapi.dev/media/pronunciations/en/persevere-us.mp3";"0";"0";""
"word_336";"REASSURE";"/ˌriːəˈʃʊr/";"VERB";"Say or do something to remove someone's doubts or fears.";"Help someone feel less worried.";"The developer reassured the customer that the issue was being fixed.";"Comfort, Encourage, Assure, Calm";"INTERMEDIATE";"Communication";"https://api.dictionaryapi.dev/media/pronunciations/en/reassure-us.mp3";"0";"0";""
"word_337";"SELF-AWARE";"/ˌself əˈwer/";"ADJECTIVE";"Conscious of one's own character, feelings, and behavior.";"Aware of your own strengths, weaknesses, and behavior.";"Being self-aware helps you identify areas for improvement.";"Reflective, Conscious, Mindful, Introspective";"INTERMEDIATE";"Mindset";"https://api.dictionaryapi.dev/media/pronunciations/en/self-aware-us.mp3";"0";"0";""
"word_338";"STEADFAST";"/ˈstedfæst/";"ADJECTIVE";"Resolutely or dutifully firm and unwavering.";"Firm and determined without changing.";"She remained steadfast in her commitment to the goal.";"Firm, Loyal, Resolute, Unwavering";"ADVANCED";"Mindset";"https://api.dictionaryapi.dev/media/pronunciations/en/steadfast-us.mp3";"0";"0";""
"word_339";"UNBIASED";"/ˌʌnˈbaɪəst/";"ADJECTIVE";"Not favoring one side or viewpoint over another.";"Fair and not influenced by personal preference.";"The review should be unbiased and based on evidence.";"Impartial, Neutral, Objective, Fair";"INTERMEDIATE";"Decision Making";"https://api.dictionaryapi.dev/media/pronunciations/en/unbiased-us.mp3";"0";"0";""
"word_340";"WHOLESOME";"/ˈhoʊlsəm/";"ADJECTIVE";"Conducive to or suggestive of good health or moral well-being.";"Healthy, positive, and good for you.";"The app promotes a wholesome learning routine.";"Healthy, Positive, Beneficial, Healthy-minded";"INTERMEDIATE";"General";"https://api.dictionaryapi.dev/media/pronunciations/en/wholesome-us.mp3";"0";"0";""
